astronaut_id,mission_title,role,year_of_join
1,Vostok-6,pilot,1961
2,Vostok-6,pilot,1961
3,AMC 16,pilot,1962
3,ST5,PSP,1998
5,Vostok-6,pilot,1962
5,Soyuz-9,pilot,1970
6,Vostok-6,pilot,1962
6,Soyuz-14,commander,1974
7,Gemini 6,commander,1965
7,Apollo 7,commander,1968
8,Gemini 5,commander,1965
9,Vostok-5,pilot,1963
9,Soyuz-22,commander,1976
9,Soyuz-29,commander,1978
10,Vostok-6,pilot,1963
11,Voskhod,commander,1964
11,Soyuz-1,commander,1967
12,Voskhod,MSP,1964
13,Voskhod,MSP,1964
14,Voskhod-2,commander,1965
15,Voskhod-2,pilot,1965
15,Soyuz-19,commander,1975
16,Gemini 3,commander,1965
17,Gemini 3,pilot,1965
17,Gemini 10,pilot,1966
17,Apollo 10,pilot,1969
17,Apollo 16,commander,1972
17,TSS-1R,commander,1981
17,SES-9,commander,1983
18,Gemini 4,commander,1965
18,Apollo 9,commander,1969
19,Gemini 4,pilot,1965
20,Gemini 5,pilot,1965
20,Gemini 11,commander,1966
20,Apollo 12,commander,1969
20,Skylab 2,commander,1973
21,Gemini 7,commander,1965
21,Apollo 8,commander,1968
22,Gemini 7,pilot,1965
22,Gemini 12,commander,1966
22,Apollo 8,pilot,1968
22,Apollo 13,commander,1970
23,Gemini 6,pilot,1965
23,Gemini 9,commander,1966
23,Apollo 10,commander,1969
23,ASTP,commander,1975
24,Gemini 8,commander,1966
24,Apollo 11,commander,1969
25,Gemini 8,pilot,1966
25,Apollo 9,pilot,1969
25,Apollo 15,commander,1971
26,Gemini 9,pilot,1966
26,Apollo 10,pilot,1969
26,Apollo 17,commander,1972
27,Gemini 10,pilot,1966
27,Apollo 11,pilot,1969
28,Gemini 11,pilot,1966
28,Apollo 12,pilot,1969
29,Gemini 12,pilot,1966
29,Apollo 11,pilot,1969
30,Apollo 7,pilot,1968
31,Apollo 7,pilot,1968
100,Salyut-7,flight engineer,1985
101,Soyuz-39,flight engineer,1981
102,TSS-1R,pilot,1981
102,TESS,commander,1983
102,TSS-1R,commander,1984
102,GSAT-14,commander,1984
103,Soyuz-40,MSP,1981
104,STP S26,commander,1981
104,ISS 5A.1,commander,1985
105,STP S26,pilot,1981
105,ETS-8,commander,1983
106,HST SM-3A,pilot,1982
106,SES-15,commander,1985
107,Salyut-7,commander,1982
108,Salyut-7,MSP,1982
108,STP S26,MSP,1997
109,HST SM-4,pilot,1982
109,TSS-1R,commander,1984
109,ATS 6,commander,1985
110,Salyut-7,flight engineer,1982
32,Soyuz-3,commander,1968
33,Apollo 8,pilot,1968
34,Soyuz-4,commander,1969
34,Soyuz-8,commander,1969
34,Soyuz-10,commander,1971
35,Soyuz-5,commander,1969
35,Soyuz-21,commander,1976
36,Soyuz-4,flight engineer,1969
36,Soyuz-8,flight engineer,1969
36,Soyuz-10,flight engineer,1971
37,Soyuz-4,MSP,1969
38,Apollo 9,pilot,1969
39,Soyuz-6,commander,1969
40,Soyuz-6,flight engineer,1969
40,Soyuz-19,flight engineer,1975
40,Soyuz-35,commander,1980
41,Soyuz-7,commander,1969
41,Soyuz-16,commander,1974
42,Soyuz-7,flight engineer,1969
42,Soyuz-11,flight engineer,1971
43,Soyuz-7,MSP,1969
43,Soyuz-24,commander,1977
43,Soyuz-37,commander,1980
44,Apollo 12,pilot,1969
44,Skylab 3,commander,1973
45,Apollo 13,pilot,1970
46,Apollo 13,pilot,1970
47,Soyuz-9,flight engineer,1970
47,Soyuz-18,flight engineer,1975
48,Apollo 14,commander,1971
49,Apollo 14,pilot,1971
50,Apollo 14,pilot,1971
51,Soyuz-10,flight engineer,1971
51,Soyuz-16,flight engineer,1974
51,Soyuz-33,commander,1979
52,Soyuz-11,commander,1971
53,Soyuz-11,flight engineer,1971
54,Apollo 15,pilot,1971
55,Apollo 15,pilot,1971
56,Apollo 16,pilot,1972
56,HST SM-4,commander,1982
57,Apollo 16,pilot,1972
58,Apollo 17,pilot,1972
59,Apollo 17,pilot,1972
60,Skylab 2,pilot,1973
60,STP S26,commander,1983
61,Skylab 2,MSP,1973
62,Skylab 3,pilot,1973
62,HST SM-3A,commander,1982
63,Skylab 3,MSP,1973
63,SES-9,MSP,1983
64,Soyuz-12,commander,1973
65,Soyuz-12,flight engineer,1973
65,Soyuz-26,flight engineer,1978
65,Soyuz T-3,flight engineer,1980
66,Skylab 4,commander,1974
67,Skylab 4,pilot,1973
68,Skylab 4,MSP,1973
69,Soyuz-13,commander,1973
69,Salyut-4,commander,1975
69,Salyut-6,commander,1978
70,Soyuz-13,flight engineer,1973
70,Salyut-7,flight engineer,1982
71,Soyuz-14,flight engineer,1974
72,Soyuz-15,commander,1974
73,Soyuz-15,flight engineer,1974
74,Salyut-4,commander,1975
74,Salyut-6,commander,1978
75,Salyut-4,flight engineer,1975
75,Salyut-6,flight engineer,1977
75,Soyuz-7,flight engineer,1985
76,ASTP,pilot,1975
76,ST5,commander,1982
76,SBS 1,commander,1984
76,ST5,commander,1990
77,ASTP,pilot,1975
78,Soyuz-21,flight engineer,1976
79,Soyuz-22,flight engineer,1976
79,Soyuz T-2,flight engineer,1980
80,Soyuz-23,commander,1976
81,Soyuz-23,flight engineer,1976
82,Soyuz-24,flight engineer,1977
83,Soyuz-25,commander,1977
83,Salyut-6,commander,1978
83,Salyut-6,commander,1981
84,Soyuz-25,flight engineer,1977
84,Salyut-6,flight engineer,1979
84,Salyut-6,flight engineer,1980
84,TSS-1R,MSP,1998
85,Soyuz-26,commander,1977
85,Soyuz-38,commander,1980
86,Soyuz-26,commander,1978
86,Soyuz-39,commander,1981
86,Salyut-7,commander,1982
86,Salyut-7,commander,1984
86,Salyut-7,commander,1985
87,Soyuz-28,pilot,1978
88,Salyut-6,flight engineer,1978
88,Salyut-7,flight engineer,1982
89,Soyuz-30,pilot,1978
90,Soyuz-31,MSP,1978
91,Salyut-6,commander,1979
91,Salyut-7,commander,1983
91,X-3,commander,1988
92,Soyuz-33,pilot,1979
93,Salyut-6,commander,1980
93,Salyut-6,commander,1981
93,Salyut-7,commander,1982
94,Soyuz-35,pilot,1980
95,Salyut-7,commander,1980
95,Salyut-7,commander,1984
96,Salyut-6,MSP,1980
97,Soyuz-38,pilot,1980
98,Salyut-6,commander,1980
98,Salyut-7,commander,1984
98,A-1,commander,1986
99,Salyut-6,MSP,1980
99,Soyuz T-8,flight engineer,1983
99,Salyut-7,flight engineer,1984
99,P78-1,flight engineer,1995
100,Salyut-6,flight engineer,1981
110,Soyuz T-8,MSP,1983
110,P74-1,flight engineer,1993
111,Salyut-7,MSP,1982
111,Salyut-7,flight engineer,1984
112,ST5,pilot,1982
112,SBS 1,commander,1985
113,ST5,MSP,1982
113,ISS 5A.1,MSP,1984
114,ST5,MSP,1982
115,STP S26,pilot,1983
115,SES-15,commander,1985
115,TJS 5,commander,1985
116,STP S26,MSP,1983
117,STP S26,MSP,1983
117,SES-15,MSP,1985
117,HST SM-4,MSP,1991
117,TSS-1R,MSP,1993
118,Soyuz T-8,commander,1983
118,X-3,commander,1988
118,STP S26,MSP,1995
119,TESS,pilot,1983
119,ISS 5A.1,commander,1984
119,STP S26,commander,1988
120,TESS,MSP,1983
120,SES-15,MSP,1985
121,TESS,MSP,1983
121,GSAT-14,MSP,1984
122,TESS,MSP,1983
122,SBS 1,MSP,1985
122,STP S26,MSP,1992
122,P78-1,MSP,1995
123,Salyut-7,flight engineer,1983
124,ETS-8,pilot,1983
124,SES-15,commander,1985
124,STP S26,commander,1990
124,HST SM-4,commander,1992
125,ETS-8,MSP,1983
125,ATS 6,MSP,1985
125,SL31 JCSAT-9,MSP,1991
125,ST5,MSP,1992
126,ETS-8,MSP,1983
126,ISS 5A.1,MSP,1984
127,ETS-8,MSP,1983
127,SBS 1,MSP,1985
128,SES-9,pilot,1983
128,SBS 1,commander,1985
128,ST-2/GSAT-8,commander,1989
129,SES-9,MSP,1983
129,ST5,MSP,1990
130,Spacelab 1,PSP,1983
130,Alcomsat 1,PSP,1992
131,SES-9,PSP,1983
131,STP S26,PSP,1992
132,SBS 1,pilot,1984
132,JCSAT 16,commander,1986
132,STP S26,commander,1988
132,HST SM-4,commander,1992
132,TSS-1R,commander,1995
133,SBS 1,MSP,1984
133,SES-15,MSP,1986
134,SBS 1,MSP,1984
134,TJS 5,MSP,1985
135,SBS 1,MSP,1984
135,TSS-1R,MSP,1990
136,Salyut-7,flight engineer,1984
136,A-1,flight engineer,1986
137,Salyut-7,MSP,1984
138,Salyut-7,pilot,1984
139,TSS-1R,pilot,1984
139,SES-15,commander,1986
140,TSS-1R,MSP,1984
141,TSS-1R,MSP,1984
141,ISS 5A.1,MSP,1985
142,TSS-1R,MSP,1984
142,JCSAT 16,MSP,1986
142,STP S26,MSP,1988
143,Salyut-7,MSP,1984
144,TSS-1R,pilot,1984
144,STP S26,commander,1989
144,SL31 JCSAT-9,commander,1991
145,TSS-1R,MSP,1984
145,STP S26,MSP,1988
145,STP S26,MSP,1990
146,TSS-1R,MSP,1984
146,JCSAT 16,MSP,1986
146,TSS-1R,MSP,1990
146,ST-2/GSAT-8,MSP,1997
146,SL31 JCSAT-9,MSP,1999
147,TSS-1R,MSP,1984
147,SES-15,MSP,1985
148,TSS-1R,PSP,1984
148,SES-15,PSP,1985
148,SBS 1,PSP,1985
149,GSAT-14,pilot,1984
150,GSAT-14,MSP,1984
150,TSS-1R,MSP,1990
150,ST5,MSP,1992
151,GSAT-14,MSP,1984
151,ST-2/GSAT-8,MSP,1989
151,ST5,MSP,1992
152,GSAT-14,PSP,1984
153,GSAT-14,PSP,1984
154,ISS 5A.1,pilot,1984
154,ST5,commander,1992
154,STP S26,commander,1995
155,ISS 5A.1,MSP,1984
156,SES-15,pilot,1985
156,TSS-1R,commander,1990
156,STP S26,commander,1992
157,SES-15,MSP,1985
157,SES-15,MSP,1986
158,SES-15,MSP,1985
158,ATS 6,MSP,1985
158,STP S26,MSP,1989
158,HST SM-4,MSP,1991
159,SES-15,PSP,1985
160,SES-15,pilot,1985
160,HST SM-4,commander,1989
161,SES-15,MSP,1985
161,HST SM-4,MSP,1991
161,ST5,MSP,1993
162,SES-15,MSP,1985
163,SES-15,MSP,1985
163,ST5,MSP,1990
163,STP S26,MSP,1992
163,TSS-1R,MSP,1993
163,ST5,MSP,1996
164,SES-15,PSP,1985
165,SBS 1,pilot,1985
165,HST SM-4,commander,1991
166,SBS 1,MSP,1985
167,Spacelab 3,PSP,1985
168,Spacelab 3,PSP,1985
169,SES-15,pilot,1985
169,STP S26,commander,1990
169,HST SM-4,commander,1991
170,SES-15,MSP,1985
170,ATS 6,pilot,1985
170,ST5,commander,1993
171,SES-15,MSP,1985
171,HST SM-4,MSP,1989
171,HST SM-4,MSP,1991
171,ST5,MSP,1993
172,SES-15,PSP,1985
173,SES-15,PSP,1985
174,SES-15,pilot,1985
175,SES-15,MSP,1985
176,SES-15,MSP,1985
177,Spacelab 2,PSP,1978
178,SES-15,PSP,1978
179,ISS 5A.1,pilot,1985
179,STP S26,pilot,1988
179,TSS-1R,commander,1993
180,ISS 5A.1,MSP,1985
180,STP S26,MSP,1988
180,ST5,MSP,1990
181,ISS 5A.1,MSP,1985
182,Salyut-7,commander,1985
183,Salyut-7,MSP,1985
183,P70-1,MSP,1992
184,TJS 5,pilot,1985
184,STP S26,commander,1992
184,ST5,commander,1993
185,TJS 5,MSP,1985
185,STP S26,MSP,1988
185,STP S26,MSP,1990
185,STP S26,MSP,1992
186,TJS 5,PSP,1985
187,ATS 6,MSP,1985
187,STP S26,MSP,1990
187,ST5,MSP,1992
187,TSS-1R,MSP,1995
188,ATS 6,PSP,1985
189,ATS 6,PSP,1985
190,ATS 6,PSP,1985
192,TSS-1R,MSP,1985
192,STP S26,MSP,1988
192,ST5,MSP,1993
192,HST SM-4,MSP,1995
192,N-SAT-110,MSP,2002
193,SBS 1,MSP,1989
194,SBS 1,MSP,1985
195,SBS 1,PSP,1985
196,JCSAT 16,pilot,1986
196,TSS-1R,pilot,1990
196,ST5,commander,1992
196,STP S26,commander,1994
197,JCSAT 16,MSP,1986
197,HST SM-4,MSP,1989
197,STP S26,MSP,1992
197,STP S26,MSP,1994
197,ST5,MSP,1996
197,TSS-1R,MSP,1998
197,SES-11,MSP,2002
198,JCSAT 16,PSP,1986
199,JCSAT 16,PSP,1986
200,SES-15,pilot,1986
201,SES-15,PSP,1986
202,SES-15,PSP,1986
204,A-1,commander,1987
204,KH-11,commander,1992
204,P67-1,commander,1994
205,A-1,MSP,1987
206,X-3,flight engineer,1987
207,Soyuz TM-34,MSP,1987
208,OV2-1,commander,1993
210,X-3,flight engineer,1988
211,X-3,MSP,1988
212,STP S26,flight engineer,1994
212,A-1,flight engineer,2000
212,KH-11,commander,2005
213,STP S26,pilot,1988
213,ST5,pilot,1990
214,STP S26,MSP,1988
214,TSS-1R,MSP,1990
214,ST5,MSP,1992
214,A-1,flight engineer,2000
215,STP S26,pilot,1989
215,HST SM-4,commander,1991
215,ST5,commander,1993
216,STP S26,MSP,1989
217,STP S26,MSP,1989
217,HST SM-4,MSP,1991
218,HST SM-4,MSP,1992
218,STP S26,MSP,1994
218,ST-2/GSAT-8,MSP,1997
219,ST-2/GSAT-8,pilot,1989
219,TSS-1R,commander,1990
219,ST5,commander,1992
219,STP S26,commander,1994
220,ST-2/GSAT-8,MSP,1989
220,HST SM-4,MSP,1991
221,ST-2/GSAT-8,MSP,1989
221,HST SM-4,MSP,1991
222,HST SM-4,pilot,1989
223,HST SM-4,MSP,1989
223,ST5,MSP,1992
223,TSS-1R,MSP,1995
225,HST SM-4,MSP,1992
225,TSS-1R,MSP,1993
226,STP S26,pilot,1990
226,ST5,commander,1992
226,STP S26,commander,1995
226,STP S26,commander,1997
226,SES-12,commander,2001
226,ISS 13A.1,commander,2002
227,STP S26,MSP,1990
227,STP S26,MSP,1992
227,STP S26,MSP,1994
227,TSS-1R,MSP,1997
228,STP S26,MSP,1990
228,HST SM-4,MSP,1991
228,ST5,MSP,1993
230,STP S26,pilot,1990
230,ST5,commander,1993
230,STP S26,commander,1994
231,STP S26,MSP,1990
231,HST SM-4,MSP,1992
231,STP S26,MSP,1994
232,OV3-1,commander,1993
233,TSS-1R,pilot,1990
233,ST5,pilot,1992
233,ST5,commander,1994
234,TSS-1R,MSP,1990
234,HST SM-4,MSP,1992
235,TSS-1R,MSP,1990
235,HST SM-4,MSP,1992
235,TSS-1R,MSP,1993
236,SES-15,commander,1993
236,X-3,commander,2001
237,ST5,MSP,1992
237,STP S26,MSP,1994
238,HST SM-4,MSP,1991
238,STP S26,MSP,1994
239,Astron,PSP,1990
239,Astron,PSP,1995
240,ST5,PSP,1990
240,STP S26,PSP,1995
241,P71-2,commander,1999
241,Soyuz TM-23,commander,2001
242,Soyuz TM-11,Other (Journalist),1990
243,ST5,commander,1993
243,HST SM-4,commander,1995
244,ST5,MSP,1994
244,STP S26,MSP,1996
244,SES-10,MSP,2001
245,HST SM-4,MSP,1992
245,ST5,MSP,1994
246,SL31 JCSAT-9,pilot,1991
246,STP S26,pilot,1994
247,SL31 JCSAT-9,MSP,1991
247,ST5,MSP,1993
247,TSS-1R,MSP,1995
247,ST-2/GSAT-8,MSP,1997
248,SL31 JCSAT-9,MSP,1991
248,ST5,pilot,1993
248,STP S26,commander,1994
249,SL31 JCSAT-9,MSP,1991
249,ST5,MSP,1992
250,SL31 JCSAT-9,MSP,1991
250,HST SM-4,MSP,1992
250,ST5,MSP,1994
252,Soyuz TM-21,MSP,1991
253,HST SM-4,MSP,1991
253,ST5,commander,1994
254,HST SM-4,MSP,1991
254,ST5,MSP,1992
254,STP S26,MSP,1995
254,STP S26,MSP,1999
255,HST SM-4,PSP,1991
256,HST SM-4,PSP,1991
257,HST SM-4,pilot,1991
257,ST5,pilot,1992
257,STP S26,commander,1994
257,TSS-1R,commander,1997
258,HST SM-4,pilot,1991
258,STP S26,pilot,1994
259,P70-1,MSP,1991
260,Soyuz TM-23,MSP,1991
261,HST SM-4,pilot,1991
261,ST5,pilot,1993
262,HST SM-4,MSP,1991
262,ST5,MSP,1992
262,STP S26,MSP,1995
262,N-SAT-110,MSP,2000
263,HST SM-4,MSP,1991
263,ST5,MSP,1993
264,HST SM-4,PSP,1991
265,STP S26,pilot,1992
265,STP S26,pilot,1993
265,STP S26,commander,1995
266,STP S26,MSP,1992
266,SES-15,pilot,1993
267,STP S26,PSP,1992
268,KH-11,flight engineer,1992
268,OV2-1,flight engineer,1996
269,Soyuz TM-31,MSP,1992
270,ST5,pilot,1992
270,ST5,pilot,1993
270,STP S26,commander,1996
270,STP S26,commander,2000
271,ST5,MSP,1992
271,ST5,MSP,1993
271,STP S26,MSP,1995
271,OV3-2,MSP,1997
271,SES-10,MSP,1999
272,ST5,PSP,1992
273,HST SM-4,pilot,1992
273,ST5,pilot,1994
273,STP S26,commander,1996
274,ST5,pilot,1992
274,TSS-1R,pilot,1993
274,ST-2/GSAT-8,commander,1997
275,ST5,PSP,1992
276,ST5,PSP,1992
277,OV2-1,flight engineer,1993
278,Astron,MSP,1992
278,SL31 JCSAT-9,MSP,1999
279,STP S26,pilot,1992
279,STP S26,pilot,1994
279,ST5,commander,1996
280,STP S26,PSP,1992
280,ATS 6,PSP,1993
280,ST5,MSP,1996
280,SES-10,MSP,1999
282,HST SM-4,pilot,1992
282,STP S26,pilot,1994
282,ST5,commander,1997
282,ST5,commander,1998
282,SES-10,commander,1999
283,HST SM-4,MSP,1992
283,STP S26,MSP,1994
283,ST5,MSP,1997
284,HST SM-4,MSP,1992
285,HST SM-4,PSP,1992
286,ST5,PSP,1992
286,SES-15,MSP,2006
287,ST5,MSP,1992
287,ST5,MSP,1994
287,STP S26,MSP,1996
288,ST5,MSP,1993
288,STP S26,MSP,1994
288,N-SAT-110,MSP,2000
289,OV3-1,flight engineer,1993
290,ST5,MSP,1993
290,STP S26,pilot,1995
290,SES-11,commander,2002
291,ST5,MSP,1993
291,STP S26,MSP,1994
291,STP S26,MSP,1999
291,N-SAT-110,MSP,2002
292,ST5,MSP,1993
292,TSS-1R,pilot,1995
292,HST SM-4,commander,1997
292,TSS-1R,commander,1998
293,ST5,MSP,1993
293,STP S26,MSP,1995
294,ST5,PSP,1993
295,ST5,PSP,1993
295,SES-12,MSP,2008
296,ST5,MSP,1993
296,SES-10,MSP,2002
297,ST5,MSP,1993
297,STP S26,MSP,1994
297,TSS-1R,MSP,1997
297,STP S26,MSP,2000
298,ST5,MSP,1993
298,STP S26,MSP,1995
298,HST SM-4,MSP,1997
299,P74-1,commander,1993
299,OV3-2,commander,1997
300,Soyuz TMA-11M,MSP,1993
300,P71-2,flight engineer,1999
301,SES-15,MSP,1993
301,STP S26,MSP,1995
301,SES-10,MSP,2002
302,SES-15,MSP,1993
302,STP S26,MSP,1994
303,SES-15,MSP,1993
303,ST5,MSP,1994
304,ST5,pilot,1993
304,STP S26,pilot,1996
305,ST5,MSP,1993
305,HST SM-4,MSP,1995
305,STP S26,MSP,2000
305,OV2-1,flight engineer,2006
306,ST5,MSP,1993
306,ISS 12A.1,MSP,2002
306,SES-12,MSP,2009
307,ST5,PSP,1993
308,N-SAT-110,MSP,2000
309,STP S26,MSP,1994
309,STP S26,MSP,1996
310,ST5,MSP,1994
310,STP S26,MSP,1994
311,P67-1,commander,1994
311,SES-10,Flight engineer,2000
311,P67-1,commander,2007
311,OV3-2,commander,2012
311,P76-4,commander,2015
312,P67-1,flight engineer,1994
312,Soyuz TM-23,commander,2001
313,ST5,pilot,1994
313,HST SM-4,pilot,1995
313,HST SM-4,commander,1997
313,N-SAT-110,commander,2000
314,ST5,MSP,1994
314,STP S26,MSP,1996
314,STP S26,MSP,2000
314,P70-1,commander,2004
315,ST5,MSP,1994
315,HST SM-4,MSP,1997
316,ST5,PSP,1994
316,ST5,PSP,1998
317,STP S26,MSP,1994
318,STP S26,pilot,1994
318,SES-10,commander,2000
319,STP S26,MSP,1994
319,ST-2/GSAT-8,MSP,1997
319,SES-10,MSP,1999
319,N-SAT-110,MSP,2002
320,P67-1,flight engineer,1994
320,OV3-2,MSP,1997
321,STP S26,MSP,1994
321,ST-2/GSAT-8,MSP,1997
321,SES-15,MSP,2006
322,STP S26,MSP,1994
322,HST SM-4,MSP,1997
322,SES-10,MSP,1999
323,STP S26,MSP,1994
323,STP S26,MSP,1997
323,ST5,MSP,1998
323,SES-10,MSP,2001
323,SES-12,MSP,2007
324,STP S26,pilot,1995
324,HST SM-4,pilot,1997
324,SL31 JCSAT-9,commander,1999
324,STEX/USA 141,commander,2005
325,STP S26,pilot,1995
326,STP S26,MSP,1995
326,TSS-1R,MSP,1997
326,SES-10,MSP,1999
326,SES-10,MSP,2002
326,SES-15,MSP,2009
327,STP S26,MSP,1995
327,STP S26,MSP,1997
327,TSS-1R,MSP,1998
327,STEX/USA 141,MSP,2005
328,P78-1,commander,1995
328,X-3,commander,2001
331,N-SAT-110,MSP,2000
332,A-1,commander,2000
332,Soyuz-3,commander,2002
333,OV3-1,flight engineer,2006
334,STP S26,MSP,1995
334,HST SM-4,MSP,1997
334,SES-10,MSP,2001
335,ST5,pilot,1997
335,STP S26,commander,1999
335,SES-10,commander,2001
336,SL31 JCSAT-9,MSP,1999
337,STP S26,MSP,2000
337,ISS 13A.1,MSP,2002
337,P74-1,flight engineer,2007
340,HST SM-4,pilot,1995
340,SES-10,pilot,2001
340,OV3-4,pilot,2012
341,STP S26,pilot,1996
341,TSS-1R,pilot,1997
341,SES-15,commander,2006
342,STP S26,MSP,1996
343,STP S26,MSP,1996
343,STP S26,MSP,2000
343,P78-1,flight engineer,2009
343,RS-3/8,commander,2013
344,STP S26,MSP,1996
344,STP S26,MSP,1999
344,SES-15,MSP,2001
345,OV2-1,commander,1996
346,ST5,pilot,1996
346,ST-2/GSAT-8,pilot,1997
346,N-SAT-110,pilot,2000
346,SES-15,commander,2001
347,ST5,MSP,1996
348,ST5,MSP,1996
348,SES-10,MSP,2001
349,SES-12,MSP,2001
349,STEX/USA 141,MSP,2005
350,SES-10,MSP,2002
350,SES-12,MSP,2008
355,Soyuz TM-23,MSP,1996
355,Soyuz TM-23,flight engineer,2001
356,OV3-2,flight engineer,1997
357,Soyuz TM-24,MSP,1997
358,HST SM-4,pilot,1997
359,HST SM-4,PSP,1997
360,HST SM-4,PSP,1997
361,HST SM-4,MSP,1997
362,HST SM-4,MSP,1997
362,SES-10,MSP,2000
363,OV3-1,commander,2006
364,ST5,MSP,1997
364,SES-11,MSP,2006
365,ST5,MSP,1997
365,ST5,MSP,1998
365,STEX/USA 141,MSP,2005
365,SES-10,MSP,2010
366,ST5,PSP,1997
367,STP S26,pilot,1997
367,N-SAT-110,commander,2002
368,ST5,pilot,1998
368,SES-10,commander,2002
368,ISS 12A.1,commander,2006
368,TSS-1R,commander,2011
369,SES-10,MSP,2003
370,SES-12,MSP,2008
373,SES-10,MSP,2001
373,SES-11,MSP,2007
374,SES-10,MSP,2003
375,P70-1,commander,2004
376,Soyuz TM-27,MSP,1998
376,P67-1,flight engineer,2008
377,SES-10,pilot,2000
377,SES-10,commander,2002
377,SES-15,commander,2009
378,SES-10,MSP,2010
379,SES-11,MSP,2007
382,TSS-1R,pilot,1998
382,SES-10,commander,2001
382,SES-12,commander,2008
383,TSS-1R,MSP,1998
383,SES-10,MSP,2001
384,OV3-1,commander,2012
384,OV3-4,commander,2015
385,ST5,flight engineer,1998
385,Soyuz TM-23,MSP,2001
385,Soyuz TM-23,flight engineer,2003
387,SES-15,pilot,2001
387,SES-11,commander,2007
387,SES-12,commander,2009
388,P71-2,MSP,1999
389,STP S26,pilot,1999
389,SES-10,commander,2003
390,STP S26,MSP,1999
390,SES-12,MSP,2009
391,STP S26,Flight engineer,1999
391,OV2-1,MSP,2005
392,SL31 JCSAT-9,pilot,1999
392,SES-10,pilot,2001
392,ISS 12A.1,commander,2002
393,SES-10,pilot,1999
393,SES-11,commander,2007
393,OV3-4,flight engineer,2015
395,Soyuz TMA-14M,commander,2002
396,N-SAT-110,MSP,2000
396,OV3-1,flight engineer,2006
396,OV2-1,flight engineer,2010
396,P76-4,flight engineer,2016
397,SES-10,MSP,2000
397,SES-11,MSP,2007
397,ISS 13A.1,MSP,2010
397,RS-3/8,flight engineer,2014
398,SES-10,MSP,2000
398,SES-15,MSP,2006
399,SES-10,Flight engineer,2000
400,STP S26,pilot,2000
400,ISS 12A.1,pilot,2002
400,SES-12,commander,2007
401,SES-11,commander,2006
401,SES-12,commander,2009
402,SES-12,pilot,2001
402,STEX/USA 141,pilot,2005
403,SES-12,MSP,2001
404,SES-10,MSP,2001
404,KH-11,flight engineer,2005
404,SES-11,MSP,2009
405,SES-10,MSP,2001
405,Soyuz TMA-14M,flight engineer,2002
405,P78-1,commander,2008
407,SES-10,pilot,2001
407,SES-11,pilot,2007
407,SES-12,commander,2009
408,SES-15,MSP,2001
408,SES-11,MSP,2007
408,SES-12,MSP,2009
409,X-3,flight engineer,2001
409,P74-1,flight engineer,2006
409,RS-3/8,commander,2013
410,Soyuz TM-23,flight engineer,2001
411,SES-10,pilot,2001
411,ISS 12A.1,pilot,2006
411,USA 144      [MIST2],commander,2008
411,TSS-1R,commander,2011
412,SES-10,MSP,2001
412,P67-1,MSP,2007
413,SES-10,pilot,2002
414,SES-10,MSP,2002
414,SES-15,MSP,2009
415,N-SAT-110,pilot,2002
415,SES-12,commander,2008
416,N-SAT-110,MSP,2002
416,SES-12,MSP,2008
416,USA 53       [MST1],MSP,2011
417,N-SAT-110,MSP,2002
418,Soyuz TMA-03M,flight engineer,2002
418,Soyuz TMA-15M,flight engineer,2005
418,TSS-1R,MSP,2011
419,Soyuz TM-34,Other (Space tourist),2002
420,SES-11,pilot,2002
420,ISS 13A.1,pilot,2002
421,SES-11,MSP,2002
422,P67-1,flight engineer,2008
424,ISS 12A.1,MSP,2002
424,P78-1,MSP,2008
424,USA 53       [MST1],MSP,2011
425,ISS 12A.1,MSP,2002
425,ISS 12A.1,MSP,2006
425,SES-12,MSP,2010
426,ISS 12A.1,MSP,2002
426,OV3-6,commander,2013
427,Soyuz TMA-14M,commander,2002
428,ISS 13A.1,MSP,2002
429,STP S26,MSP,2008
430,SES-10,pilot,2003
431,SES-10,MSP,2003
432,SES-10,MSP,2003
433,SES-10,PSP,2003
434,Shenzhou 5,commander,2005
435,P78-1,commander,2009
435,TSS-1R,MSP,2011
436,Soyuz TMA-03M,flight engineer,2004
437,Soyuz TMA-5,flight engineer,2004
438,STEX/USA 141,MSP,2005
439,STEX/USA 141,MSP,2005
440,Soyuz TMA-7,Space tourist,2005
441,Shenzhou 6,commander,2005
442,Shenzhou 6,flight engineer,2005
442,Shenzhou 10,commander,2008
443,Soyuz TMA-8,pilot,2006
444,ISS 12A.1,MSP,2006
444,USA 144      [MIST2],MSP,2008
445,ISS 12A.1,MSP,2006
446,ISS 12A.1,MSP,2006
446,SES-12,MSP,2007
446,ISS 13A.1,MSP,2010
447,SES-15,pilot,2006
447,STP S26,commander,2008
447,USA 53       [MST1],commander,2011
448,SES-15,MSP,2002
448,STP S26,MSP,2008
449,Soyuz TMA-9,Other (space tourist),2006
450,SES-11,pilot,2006
451,SES-11,MSP,2006
451,SES-10,MSP,2010
452,SES-11,MSP,2006
452,SES-12,MSP,2009
453,SES-11,MSP,2006
454,P74-1,MSP,2006
454,OV3-2,flight engineer,2012
456,Soyuz TMA-10,Other (space tourist),2007
456,Soyuz TMA-14,Other (space tourist),2009
457,SES-11,pilot,2007
457,SES-11,commander,2009
458,SES-11,MSP,2007
458,SES-11,MSP,2009
459,SES-11,MSP,2007
459,SES-12,MSP,2009
460,ISS 13A.1,MSP,2010
461,SES-11,MSP,2007
461,OV3-2,flight engineer,2010
462,SES-11,MSP,2007
462,TSS-1R,MSP,2011
463,SES-11,MSP,2007
464,Soyuz TMA-11,Other (space tourist),2007
465,SES-12,pilot,2007
465,SES-10,commander,2010
466,SES-12,MSP,2007
467,SES-12,MSP,2007
468,SES-12,pilot,2008
468,ISS 13A.1,commander,2010
469,SES-12,MSP,2008
469,SES-12,MSP,2009
470,SES-12,MSP,2008
471,SES-12,pilot,2008
471,TSS-1R,pilot,2011
472,SES-12,MSP,2008
472,SES-10,MSP,2010
473,SES-12,MSP,2008
473,SES-12,MSP,2009
474,P67-1,flight engineer,2008
474,SES-12,MSP,2010
475,P67-1,commander,2008
476,P67-1,flight engineer,2008
476,P76-5,commander,2018
477,Soyuz TMA-11M,Other (Space tourist),2008
478,USA 144      [MIST2],pilot,2008
478,SES-12,commander,2010
479,USA 144      [MIST2],MSP,2008
479,OV3-6,flight engineer,2013
480,USA 144      [MIST2],MSP,2008
480,P71-2,MSP,2008
481,USA 144      [MIST2],MSP,2008
481,OV3-2,flight engineer,2012
482,P67-1,flight engineer,2008
482,TSS-1R,MSP,2011
483,Shenzhou 7,commander,2008
484,Shenzhou 7,flight engineer,2008
485,Shenzhou 7,flight engineer,2008
485,Shenzhou 9,commander,2012
485,Shenzhou 11,commander,2016
486,Soyuz TMA-13,Space tourist,2008
487,STP S26,pilot,2008
487,TSS-1R,pilot,2011
488,STP S26,MSP,2008
488,SES-12,MSP,2010
488,TSS-1R,MSP,2011
489,STP S26,MSP,2008
490,SES-11,pilot,2009
490,SES-12,pilot,2010
491,SES-11,MSP,2009
491,OV3-1,flight engineer,2012
492,SES-11,MSP,2009
493,TSS-1R,MSP,2011
494,SES-15,pilot,2009
495,SES-15,MSP,2009
495,SES-12,MSP,2010
496,SES-15,MSP,2009
497,SES-15,MSP,2009
497,TSS-1R,MSP,2011
498,OV3-4,flight engineer,2012
499,SES-12,pilot,2009
499,USA 53       [MST1],pilot,2011
500,SES-12,MSP,2009
501,SES-12,MSP,2009
501,OV3-4,flight engineer,2013
502,P76-4,flight engineer,2015
503,SES-12,pilot,2009
503,OV3-3,commander,2012
504,SES-12,MSP,2009
505,TSS-1R,MSP,2011
506,OV2-1,commander,2009
507,Soyuz TMA-11,Other (Space tourist),2009
508,SES-12,pilot,2009
508,P74-1,flight engineer,2014
509,SES-12,MSP,2009
510,SES-12,MSP,2009
512,SES-10,pilot,2010
513,OV3-2,commander,2010
514,OV3-2,flight engineer,2010
514,OV3-4,flight engineer,2015
515,ISS 13A.1,pilot,2010
516,ISS 13A.1,MSP,2010
517,ISS 13A.1,MSP,2010
519,P76-4,flight engineer,2016
519,P67-1,commander,2019
521,P71-2,commander,2011
521,P74-1,commander,2014
522,P71-2,flight engineer,2011
526,OV3-1,flight engineer,2012
527,Shenzhou 9,flight engineer,2012
528,Shenzhou 9,flight engineer,2012
529,OV3-3,commander,2012
530,OV3-3,flight engineer,2012
532,OV3-6,flight engineer,2013
533,Shenzhou 10,flight engineer,2013
534,Shenzhou 10,flight engineer,2013
539,P76-5,flight engineer,2018
540,P74-1,flight engineer,2014
544,Soyuz TMA-18M,flight engineer,2015
545,Soyuz TMA-18M,flight engineer,2015
546,P76-4,pilot,2015
547,P76-4,commander,2016
547,P76-5,commander,2019
550,Shenzhou 11,flight engineer,2016
557,P76-5,commander,2018
558,P76-5,flight engineer,2018
559,P76-5,flight engineer,2018
560,P76-5,flight engineer,2018
561,P76-5,flight engineer,2018
