name,manufacturer,fuel,mass,impulse,thrust,isp,burn_duration,chambers
SRM,THKU,PBAN,590000.0,,11790.0,267.3,123.0,1.0
SRMU,ATKP,HTPB,350000.0,,7500.0,285.6,137.8,1.0
UA1207,UTC,Solid,319300.0,,7116.9,272.0,120.0,1.0
EAP MPS P238,EUROPK,HTPB,268000.0,,5000.0,275.4,129.0,1.0
EAP MPS P240,EUROPK,HTPB,277500.0,,5000.0,275.4,129.0,1.0
UA1206,UTC,Solid,251400.0,,6227.0,265.0,114.0,1.0
UA1205,UTC,Solid,226200.0,,5293.3,263.0,115.0,1.0
S200,VSSC,HTPB,207000.0,,6000.0,274.0,105.0,1.0
S139,VSSC,HTPB,168000.0,,4430.0,269.0,105.0,1.0
S125,VSSC,HTPB,157300.0,486000.0,4801.0,266.0,93.0,1.0
P120C,AVIO,HTPB-2013,153000.0,368900.0,4500.0,278.5,133.0,1.0
P80FW,AVIO,HTPB,97131.0,242721.0,2100.0,280.0,106.8,1.0
M-14,NISST,HTPB BP-204J,84000.0,,3786.0,276.0,49.0,1.0
H-II SRB-A3,NISST,HTPB,76500.0,,2305.0,283.6,120.0,1.0
H-II SRB-A,NISST,HTPB,75000.0,,2250.0,280.0,100.0,1.0
H-II SRB,NISST,HTPB,70400.0,,1550.0,273.0,94.0,1.0
15D305,YUZH,Solid,53700.0,,2060.0,,,1.0
3D65,YUZH,Solid,53700.0,,2060.0,,,1.0
15D206,YUZH,Solid,53700.0,,2060.0,,,1.0
GEM-63XL,NGISH,HTPB,53400.0,,2026.0,275.0,84.0,1.0
GEM-63,OATKH,HTPB,49300.0,,1663.0,275.0,94.0,1.0
Castor 120,THKU,HTPB,53100.0,,1604.0,280.0,83.4,1.0
SR118,THKU,HTPB,48625.0,,1711.0,281.4,78.8,1.0
GEM-60,OATKH,Solid,46200.0,,1361.0,275.0,90.0,1.0
AJ-60A,AJSP,Solid,46200.0,,1361.0,275.0,90.0,1.0
CZ-11-1,SLREC,Solid,40000.0,,,248.0,,1.0
D-5-1,THKU/HERC,Solid,39100.0,,,,64.0,1.0
M-25,NISST,HTPB BP-204J,38000.0,,1240.0,288.0,71.0,1.0
Zefiro-40C,AVIO,HTPB-2013,39270.0,103600.0,1120.0,293.5,92.5,1.0
CZ-6A Booster,ARMT,Solid,35000.0,,1200.0,,,1.0
DF-31-1,ARMT,Solid,35000.0,,,,,1.0
DF-41-1,ARMT,Solid,35000.0,,,,,1.0
15D23P,ARSL,Solid,34550.0,,981.0,,75.4,1.0
15D23,ARSL,Solid,34550.0,,893.0,,75.4,1.0
M-24,NISST,HTPB BP-204J,34000.0,,1246.0,288.0,71.0,1.0
M-13,NISST,CTPB,33407.0,,954.0,239.0,70.0,1.0
GEM-60,ATKH,HTPB,33200.0,,758.0,275.0,90.0,1.0
Agni III,DRDO,HTPB/AP/Al,33000.0,,1040.0,237.0,75.0,1.0
MSBS 501,G2P/SNECPS,Solid,30000.0,,900.0,,60.0,1.0
SR119,AJSP,HTPB,27669.0,,1365.0,304.0,54.0,1.0
Castor 30XL,THKU,Solid,27400.0,58000.0,350.0,,166.0,1.0
M-10,NISST,Solid,26555.0,,737.0,219.0,61.0,1.0
RD RT-21 (1),MITT,Solid,26000.0,,,,63.0,1.0
15Zh58A,MITT,Solid,26000.0,,980.0,263.0,60.0,1.0
Zefiro 23,AVIO,HTPB,26563.0,67776.0,935.0,289.0,71.7,1.0
15D339,YUZH,Solid,25000.0,,1050.0,,,1.0
15D207,YUZH,Solid,25000.0,,1050.0,,,1.0
15D290,YUZH,Solid,25000.0,,1050.0,,,1.0
R-39 St 2,YUZH,Solid,25000.0,,1050.0,,,1.0
M55A1,THKU,PBAN,22930.0,54730.0,792.0,266.1,59.3,4.0
TU-122,THKU,PBAN,23240.0,,891.0,,60.0,4.0
TU-122-ATK,ATKP,PBAN,23240.0,,891.0,,60.0,4.0
SEP 401,SEP,Butalane,22500.0,,900.0,,60.0,1.0
LEO-46,AJSP,HTPB,22102.0,56360.0,1265.4,,76.0,1.0
GEM-46,ATKH,HTPB,19040.0,45730.0,608.1,274.0,75.2,1.0
DF-26-1,ARMT,Solid,19000.0,,,239.7,65.0,1.0
RT-1-1,OKB1,Solid,19000.0,,900.0,,30.0,1.0
Hyperbola-1 M1,ARMT,Solid,18000.0,,770.0,245.0,65.0,1.0
Zefiro,FIATA,HTPB 1814,17260.0,41830.0,590.0,271.0,71.0,1.0
M-35,NISST,HTPB,17200.0,,445.0,295.0,129.0,1.0
Ceres-1 M1,XIDO,HTPB,17000.0,,590.0,,74.0,1.0
15D15,NII125/YUZH,Solid,16700.0,,600.0,260.0,65.0,4.0
DF-21-1,ARMT,Solid,16621.0,,,239.7,65.0,1.0
Orion 50SXL,ATKH,HTPB,16400.0,43586.0,594.0,295.0,73.4,1.0
Orion 50SXLG,ATKH,HTPB,16400.0,43586.0,594.0,295.0,73.4,1.0
Orion 50SXLT,ATKH,HTPB,16400.0,43586.0,594.0,295.0,73.4,1.0
SICBM,THKU,HTPB/NG/BTTN,16100.0,,979.0,,40.0,1.0
SEP 902,SEP,Isolane,16000.0,,540.0,,,4.0
3D17,PERM,Solid,16000.0,,579.0,,84.0,1.0
H-II SSB,NISST,HTPB,15500.0,,745.0,282.0,60.0,1.0
RD-866,YUZH,Solid,15000.0,,206.0,,,1.0
CZ-11-2,CALT,Solid,15000.0,,,,,1.0
5S47,KAZSOY,Solid,15000.0,,,,5.0,1.0
A-350 Booster,KAZSOY,Solid,15000.0,,,,5.0,1.0
51T6 Motor,KAZSOY,Solid,15000.0,,,,5.0,1.0
Nudol' St 1,ALMAN,Solid,15000.0,,,,5.0,1.0
TX-780XL,THKX,HTPB,14851.0,,599.8,269.0,60.0,1.0
Algol 3A,UTC,Solid,14136.0,32040.0,477.0,258.2,78.0,1.0
Castor 30,THKU,Solid,14035.0,35200.0,259.0,301.0,136.0,1.0
Agni III S2,DRDO,HTBP/AP/Al,14000.0,,315.0,294.0,110.0,1.0
5S24,KAZSOY,Solid,14000.0,,,,,1.0
Castor 30B,THKU,Solid,13970.0,37300.0,293.4,304.0,127.0,1.0
Orion 50S,ATKH,HTPB,13420.0,35108.0,485.0,294.4,72.4,1.0
M-23,NISST,HTPB,13100.0,,524.0,282.0,73.0,1.0
GEM-40,ATKH,HTPB,13080.0,31600.0,499.2,274.0,63.3,1.0
15Zh58B,MITT,Solid,13000.0,,490.0,280.0,64.0,1.0
ATSM-13,IAI,HTPB,13000.0,,775.0,250.0,55.0,1.0
Hyperbola-1 M2,HEXI,Solid,13000.0,,597.0,282.0,,1.0
Sejjil,IR,Solid,13000.0,,560.0,230.0,45.0,1.0
PAP,FIATA,CTPB,12600.0,,650.0,241.0,42.0,1.0
PSOM-XL,VSSC,HTPB,12400.0,20700.0,677.0,262.0,58.0,1.0
C4-1,THKU/HERC,Solid,12100.0,,,,,1.0
9M76,VOTK,Solid,11900.0,,,,,1.0
9M76B,VOTK,Solid,11900.0,,,,,1.0
D-5-2,HERC,Solid,11800.0,,,,65.0,1.0
ASLV AS-1,VSSC,Solid,11800.0,,702.0,259.0,45.0,1.0
S9,VSSC,Solid,11800.0,,702.0,259.0,45.0,1.0
ASLV SRM,VSSC,Solid,11600.0,,422.0,253.0,49.0,1.0
M-34c,NISST,HTPB BP-205J,11600.0,,294.0,301.0,102.0,1.0
M-34,NISST,HTPB BP-205J,11600.0,,294.0,301.0,102.0,1.0
TX-780,THKX,HTPB,11600.0,26460.0,433.7,237.8,56.2,1.0
Agni,DRDO,Solid,11500.0,,700.0,,45.0,1.0
TX-859,THKX,HTPB,11476.0,26150.0,429.0,,60.9,1.0
15D24P2,ARSL,Solid,11280.0,,440.0,,60.6,4.0
M-34,NISST,HTPB,11100.0,30000.0,,,,1.0
A3P-1,AJSP,Polyurethane/AP,11100.0,,,,,1.0
15D27,TSKB7,Solid T9-BK-6,11000.0,,412.0,,60.0,4.0
PSOM,VSSC,HTPB,11000.0,20700.0,677.0,262.0,44.2,1.0
RSA-3-2,HOUW,Solid,10971.0,,477.0,277.0,52.0,1.0
SLV-3-1,VSSC,Solid,10800.0,,422.0,253.0,49.0,1.0
SLV-3-1/D4,VSSC,Solid,10800.0,,590.0,253.0,55.0,1.0
Algol IIC,AJSP,Solid,10795.0,24390.0,436.7,258.9,76.1,1.0
Algol IIB,AJSP,Solid,10759.0,24352.0,449.2,258.9,80.0,1.0
Algol I,AJSP,Solid,10710.0,18240.0,458.6,214.0,40.0,1.0
Algol IA,AJSP,Solid,10710.0,18240.0,458.6,214.0,40.0,1.0
Algol IB,AJSP,Solid,10710.0,18240.0,458.6,214.0,40.0,1.0
Algol IC,AJSP,Solid,10710.0,18240.0,458.6,214.0,40.0,1.0
Algol IIA,AJSP,Solid,10709.0,24337.0,465.1,258.3,68.2,1.0
Algol ID,AJSP,Solid,10700.0,18100.0,413.0,,44.0,1.0
Orbus 21D,UTC,HTPB,10619.0,28140.0,187.0,293.0,150.0,1.0
TX-526,THKX,PBAA,10534.0,23760.0,428.0,,53.9,1.0
H-II SSB,NISST,HTPB,10500.0,,338.0,267.0,66.0,1.0
RSA-3-1,HOUW,Solid,10215.0,,451.0,265.0,52.0,1.0
A2P-1,AJSP,Polyurethane/AP,10100.0,,,,,1.0
SEP 903,SEP,Isolane,10000.0,,440.0,,,4.0
SEP 904,SEP,Isolane,10000.0,,450.0,,50.0,4.0
SEP 901,SEP,Isolane,10000.0,,440.0,,50.0,4.0
KPN-Solid1,KP,Solid,10000.0,,,,,1.0
Agni V S3,DRDO,HTBP/AP/Al,10000.0,,315.0,294.0,110.0,1.0
MSBS 502,G2P/SNECPS,Solid,10000.0,,300.0,,70.0,1.0
C3-1,THKU/HERC,Solid,10000.0,,,,,1.0
DF-31-2,ARMT,Solid,10000.0,,,,,1.0
DF-41-2,ARMT,Solid,10000.0,,,,,1.0
R-39 St 3,MAK,Solid,10000.0,,,,,1.0
53T6,PERM/KAZSOY,Solid,10000.0,,,,,1.0
5Ya26,PERM/KAZSOY,Solid,10000.0,,,,,1.0
RD RT-15-2,OKB1,Solid,10000.0,,500.0,,30.0,1.0
M-20,NISST,Solid,9850.0,,285.0,261.0,66.0,1.0
M-22,NISST,Solid,9833.0,,285.0,273.0,70.0,1.0
Zefiro 9A,AVIO,HTPB,9730.0,,221.0,294.0,110.0,1.0
15D24,ARSL,Solid,9600.0,,432.0,,59.0,1.0
ATSM-9,IAI,HTPB,9100.0,,,,,1.0
TX-500,THKXM,CTPB,9000.0,,2000.0,,,1.0
S-43,IAE,Solid,8820.0,19500.0,308.0,279.1,62.0,1.0
SEP 402,SEP,Butalane,8800.0,,300.0,,70.0,1.0
RD RT-21 St2,MITT,Solid,8700.0,,,,,1.0
RD RT-21-3,MITT,Solid,8700.0,,1000.0,,245.0,1.0
DF-21-2,ARMT,Solid,8686.0,,,286.4,62.0,1.0
TR-1,NASDA,HTPB BP-201J,8558.0,32000.0,608.0,271.6,52.0,1.0
TR-1A,NASDA,HTPB BP-201J,8558.0,32000.0,716.0,271.6,49.0,1.0
PS3,VSSC,HTPB,8400.0,28000.0,324.0,294.0,83.0,1.0
A1P-1,AJSP,Polyurethane/AP,8330.0,,,,,1.0
C4-2,HERC,Solid,8000.0,,,,,1.0
Ceres-1 M2,XIDO,HTPB,8000.0,,274.0,285.8,70.0,1.0
SR120,HERC,NEPE Polyethane,7983.0,,329.0,306.0,62.0,1.0
ST-735-1,ISAS,Solid,7400.0,,250.0,,49.0,1.0
SR19,AJSP,CTPB,7280.0,,270.0,287.5,65.5,1.0
SR19-ATK,ATKP,CTPB,7033.0,,268.0,287.5,65.5,1.0
JL1-1,CALT,Solid,7000.0,,,,,1.0
JL1-2,CALT,Solid,7000.0,,,,,1.0
C3-2,HERC,Solid,7000.0,,,,,1.0
Alfa,BPD,Solid,6500.0,,250.0,,57.0,1.0
R-31 St 2,PERM,Solid,6500.0,,233.0,,73.6,1.0
TX-454,THKX/THKXM,CTPB,6454.0,,,,,1.0
DF-15,ARMT,Solid,6200.0,,,,,1.0
LPC-A92,LPC,Solid,6000.0,,121.0,,89.0,1.0
Rita II,SEP,Isolane,6000.0,,320.0,,52.0,1.0
15Zh58V,MITT,Solid,6000.0,,245.0,280.0,56.0,1.0
FG-46,HEXI,Solid,5985.0,,292.0,177.0,87.0,1.0
L735,NISST,Polyurethane,5982.0,,363.0,215.0,28.8,1.0
M56A1 PRP,AJSP,Polyurethane,5480.0,12400.0,202.0,267.3,61.0,4.0
DF-11,SANJ,Solid,5400.0,,93.2,,,1.0
SQ/DF-11,SANJ,Solid,5400.0,,93.2,,,1.0
S-40,IAE,PBHL/AP/Al,5340.0,11600.0,191.0,270.8,58.2,1.0
TX-135,THKX,CTPB,5295.0,,2000.0,,4.5,1.0
M56A1,AJSP,Polyurethane,5240.0,12400.0,207.0,267.3,61.0,4.0
SB-735,NISST,CTPB,5124.0,,328.0,266.0,38.0,1.0
Stonechat II,RPEW,Solid,5090.0,9610.0,242.0,293.0,32.8,1.0
MSBS 503,G2P/SNECPS,Solid,5000.0,,100.0,,40.0,1.0
Shourya,DRDO,Solid,5000.0,,,,,1.0
Sejjil St 2,IR,Solid,5000.0,,560.0,230.0,20.0,1.0
15Zh59A,VOTK,Solid,5000.0,,,,,1.0
15Zh59B,VOTK,Solid,5000.0,,,,,1.0
KPN-Solid2,KP,Solid,5000.0,,,,,1.0
K-4 Booster,DRDO,Solid,5000.0,,,,,1.0
K-4 Stage 2,DRDO,Solid,5000.0,,,,,1.0
X-260,ABL,Solid DB/AP,4900.0,,,,,1.0
SLV-3-2,VSSC,Solid,4900.0,,267.0,266.9,45.0,1.0
SLV-3-2/D4,VSSC,Solid,4900.0,,267.0,266.9,40.0,1.0
Stonechat I,RPEW,Solid,4780.0,8340.0,232.0,258.2,32.3,1.0
15D94,ARSL,Solid,4640.0,,176.0,271.0,49.0,1.0
CPKM,ARMT,Solid,4635.0,11360.0,222.8,280.0,65.2,1.0
Star 63F,THKE,HTPB,4591.0,12535.0,104.7,297.1,120.0,1.0
15D92,TSKB7,Solid,4500.0,,,,,1.0
DF-16,PLA,Solid,4500.0,,,,,1.0
ASLV AS-2,VSSC,Solid,4400.0,,304.0,275.9,36.0,1.0
TX-354-3,THKX,CTPB,4427.0,10301.0,275.1,281.9,39.0,1.0
XM-33-20-4,THKX,PBAA,4360.0,7268.0,276.0,224.0,27.0,1.0
Orion 50XL,ATKH,HTPB,4331.0,11218.0,196.0,289.0,72.5,1.0
Orion 50XLT,ATKH,HTPB,4331.0,11218.0,196.0,289.0,72.5,1.0
TX-354-4,THKX,CTPB,4320.0,9732.0,259.0,,37.0,1.0
A1P-2,AJSP,Polyurethane/AP,4300.0,,,,,1.0
X-250,ABL,Solid DB/AP,4200.0,,,,,1.0
Agni St2,DRDO,Solid,4200.0,,,,60.0,1.0
Pershing 2 St1,HERC,HTPB,4110.0,,172.0,276.0,58.0,1.0
P4,SEP,Isolane,4000.0,12000.0,176.0,,65.0,1.0
Ceres-1 M3,XIDO,Solid,4000.0,,86.0,287.0,69.0,1.0
Hyunmoo 1,ADD,Solid,4000.0,,,,,1.0
Hyunmoo-2B,ADD,Solid,4000.0,,,,,1.0
Oka,KBM,Solid,4000.0,,,,,1.0
Shaheen-2,PKNDC,Solid,4000.0,,,,,1.0
ZQ-1-3,ARMT,Solid,4000.0,,,,,1.0
ST-735-2,ISAS,Solid,4000.0,,250.0,,,1.0
TX-33,THKX,PBAA,4000.0,7311.0,240.0,254.3,27.4,1.0
XM-33E2,THKX,PBAA,4000.0,7311.0,240.0,254.3,27.4,1.0
XM-33E3,THKX,PBAA,4000.0,7311.0,240.0,254.3,27.4,1.0
XM-33E5,THKX,PBAA,4000.0,7311.0,240.0,254.3,27.4,1.0
XM-33E6,THKX,PBAA,4000.0,7311.0,240.0,254.3,27.4,1.0
XM-33E8,THKX,PBAA,3970.0,8272.0,236.7,254.3,35.3,1.0
Orbus 6E,UTC,HTPB,3865.0,,76.5,303.8,104.0,1.0
Hyperbola-1 M3,HEXI,Solid,3850.0,,195.0,290.0,,1.0
Pollux,THKX,Polysulfide,3742.0,,222.0,,27.0,1.0
SR73,AJSP,CTPB,3655.0,,152.0,285.0,61.0,1.0
SR73-ATK,ATKP,CTPB,3655.0,,152.0,285.0,61.0,1.0
M-3B,NISST,HTPB,3603.0,,132.0,293.1,87.0,1.0
NAL-735,NISST,Solid,3500.0,,250.0,,49.0,1.0
Star 63D,THKU,HTPB,3500.0,9046.0,84.8,283.0,118.0,1.0
15D25,ARSL,Solid,3500.0,,215.0,,45.0,1.0
LEO-7,AJSP,Solid,3587.0,9266.0,105.1,,57.4,1.0
TX-238,THKXM,PBAA,3492.0,,,,,1.0
Orion LAS-AM,ATKP,Solid,3464.0,,1780.0,,2.5,1.0
Orion 50,ATKH,HTPB,3370.0,8666.0,138.0,292.3,73.3,1.0
KM-V2b,NISST,HTPB,3300.0,,99.8,301.0,90.0,1.0
9M723,VOTK,Solid,3300.0,,,,,1.0
SICBM2,AJSP,PEG/NG/BTTN,3260.0,12000.0,267.0,,44.0,1.0
TX-20,THKX,Solid PS,3200.0,,220.0,,23.8,1.0
XM-20,THKX,Solid PS,3200.0,6350.0,198.0,,32.0,1.0
TX-12,THKX,Polysulphide,3134.0,,,,,1.0
27D6,KAZOKB,Solid,3000.0,,,,,1.0
15Zh59V,VOTK,Solid,3000.0,,,,,1.0
JL1-3,CALT,Solid,3000.0,,,,,1.0
Aerojet Jr,AJSP,Solid,3000.0,7100.0,254.0,,28.0,1.0
X-265,HERC,Solid,3000.0,,,,,1.0
RD RT-1-3,OKB1,Solid,3000.0,,240.0,,42.0,1.0
Shourya Booster,DRDO,Solid,3000.0,,,,,1.0
XM-51,THKX/THKU,Solid,2990.0,,222.0,,30.0,1.0
KM-V2c,NISST,HTPB,2900.0,,99.6,299.0,88.0,1.0
KZ1-3,ARMT,Solid,2850.0,,,290.4,55.0,1.0
KZ2-3,ARMT,Solid,2850.0,,,290.4,55.0,1.0
DF-31-3,ARMT,Solid,2800.0,,,,,1.0
DF-41-3,ARMT,Solid,2800.0,,,,,1.0
M-30,NISST,Solid,2781.0,,128.0,265.0,42.0,1.0
RV-A-10,THKX,Solid T14E1,2700.0,3600.0,157.5,,24.0,1.0
PRD-33,ISKRM,Solid,2700.0,,1962.0,,4.5,1.0
Pershing 2 St2,HERC,HTPB,2600.0,,134.0,279.0,46.0,1.0
N-69C Snark JATO,ABL,Solid,2500.0,2300.0,580.0,,4.0,1.0
N-69A Snark JATO,ABL,Solid,2500.0,1900.0,470.0,,4.0,1.0
Skybolt,AJSP,Solid,2500.0,,164.0,245.0,40.7,1.0
L735(1/3),NISST,Polyurethane,2474.0,,115.0,242.9,38.4,1.0
XM-42,HERCR,Solid,2400.0,,,,,1.0
9M21,VOTK,Solid,2300.0,,,,,1.0
TX-174,THKXM,PBAA,2269.0,,117.0,,39.0,1.0
NA 803 Soleil,SNPE,Isolane,2250.0,6460.0,147.0,,44.0,4.0
NA 804,SNPE,Isolane,2250.0,6460.0,147.0,,44.0,4.0
NA 805,SNPE,Isolane,2250.0,6460.0,147.0,,44.0,4.0
UM-129A,NISST,Solid,2200.0,,77.5,291.0,68.0,1.0
LPC-A1,LPC,Solid,2200.0,,690.0,,3.0,1.0
Star 48BV,THKE,HTPB,2168.0,5801.0,152.0,292.0,84.1,1.0
Star 48V,THKE,HTPB,2160.0,5801.0,68.8,292.1,84.1,1.0
Star 48B,THKE,HTPB,2140.0,5801.0,68.7,292.1,84.1,1.0
Star 48B,THKE,HTPB,2134.0,5673.0,67.2,286.0,84.1,1.0
LPC A-1,LPC,Solid,2130.0,2292.0,690.0,,,1.0
Star 48,THKE,HTPB,2113.0,,67.2,286.0,88.0,1.0
RSA-3-3,HOUW,Solid,2048.0,,59.0,298.0,94.0,1.0
GF-02,BWYIC,Solid,2050.0,4500.0,29.0,253.9,38.0,1.0
M57A1,HERC,CMDB,2030.0,4485.0,76.0,276.0,59.0,4.0
Salman,IRGC,Solid,2000.0,,,,,1.0
OS-M St 3,LYK,Solid,2000.0,,,,,1.0
DPRK-MLRS,KP,Solid,2000.0,,,,,1.0
ISRO-CES,ISRO,Solid,2000.0,,,,,1.0
CZ-11-3,CALT,Solid,2000.0,,,,,1.0
CZ-11-4,CALT,Solid,2000.0,,,,,1.0
GF-01A,BWYIC,Solid,2000.0,,29.0,230.0,140.0,1.0
Nudol' St 2,ALMAN,Solid,2000.0,,,,5.0,1.0
K-15 Stage 2,DRDO,Solid,2000.0,,,,,1.0
NP-110,IR,Solid,2000.0,,,,,1.0
AUS-51,RAFL,HTPB,2000.0,,58.0,295.0,92.0,1.0
JL1-4,CALT,Solid,2000.0,,,,,1.0
Zeus A,GCR,Solid,2000.0,,,,,1.0
KT1-3,ARMT,Solid,2000.0,,,,,1.0
SEPR 739,SEPR,Plastolane,1930.0,,170.0,260.0,20.0,1.0
X-251,ABL,Solid,1922.0,2700.0,516.0,,5.3,1.0
Trident St 3,UTC,Solid,1900.0,,,,,1.0
NA 801,SNPE,Solid,1800.0,,190.0,,18.0,1.0
S-520,NISST,HTPB,1796.0,3984.0,143.2,264.8,28.7,1.0
IRIS,FIATA,HTPB 1813,1720.0,4580.0,58.0,291.0,79.0,1.0
M-6,ABL,Solid,1713.0,1800.0,373.0,,5.2,1.0
M-6 4DS105000,HERCR,Solid,800.0,1870.0,470.0,,4.4,1.0
ASLV AS-3,VSSC,Solid,1710.0,,90.7,277.0,45.0,1.0
SEPR 739-2,ONERA/SEPR,Solid,1702.0,,170.0,234.0,20.0,1.0
SICBM3,HERC,PEG/NG/BTTN,1550.0,,88.0,,,1.0
NA 802 Soleil C,SNPE,Isolane,1530.0,4680.0,120.0,245.0,39.0,4.0
KN-02 Motor,CMIK,Solid,1530.0,,,,,1.0
KN-23 Motor,CMIK,Solid,1530.0,,,,,1.0
9M79,VOTK,Solid,1530.0,,,,,1.0
9M79-1,VOTK,Solid,1530.0,,,,,1.0
SLV-3-3,VSSC,Solid,1500.0,,90.7,276.9,45.0,1.0
SLV-3-3/D4,VSSC,Solid,1500.0,,90.7,276.9,50.0,1.0
Talos Mk 11 Mod 2,ABL,Solid,1500.0,2700.0,516.0,,5.3,1.0
IAI-Arrow-1,IAI,Solid,1500.0,,,,,1.0
IAI-Arrow-2,IAI,Solid,1500.0,,,,,1.0
IAI-Arrow-3,IAI,Solid,1500.0,,,,,1.0
48N6,FAKEL,Solid,1500.0,,,,,1.0
SEP 403,SEP,Butalane,1500.0,,100.0,,40.0,1.0
TX-175,THKXM,PBAA,1473.0,,85.0,,39.0,1.0
KM-V1,NISST,HTPB,1430.0,,52.0,298.0,73.0,1.0
Star 37XE,THKE,HTPB,1401.0,,56.0,289.6,66.0,1.0
Star 31,THKE,HTPB/AP/Al TP-H-3340,1392.0,3738.0,82.3,293.5,45.0,1.0
Taurus,UNK,Solid,1343.0,1592.0,,,3.5,1.0
TX-261-3,THKX,PBAA,1307.0,2761.0,244.0,,11.3,1.0
TX-261-2,THKX,PBAA,1307.0,2761.0,244.0,,11.3,1.0
TX-261,THKX,PBAA,1307.0,2761.0,244.0,,11.3,1.0
X-254 (1),ABL,Solid,1300.0,2376.0,59.4,,40.0,1.0
Astrobee F,AJSP,HTPB,1300.0,2440.0,36.4,,51.1,1.0
TT-500,NASDA,Solid,1300.0,,116.0,,,1.0
JCR,NASDA,Solid,1300.0,,133.0,,,1.0
RH-560S,VSSC,Solid,1300.0,,119.0,,19.0,1.0
Raven 11,RPEW,Solid,1280.0,2502.0,105.0,,39.0,1.0
M-3A,NISST,Solid,1245.0,,61.0,283.0,54.0,1.0
Skybolt St2,AJSP,Solid,1230.0,,81.8,245.0,41.3,1.0
S-30,IAE,Solid,1205.0,2256.0,102.0,266.3,22.0,1.0
KN-ATACMS,KP,Solid,1200.0,,180.0,,,1.0
ATACMS,AJCA,Solid,1200.0,,180.0,,,1.0
K-BATS,HANWHA,Solid,1200.0,,,,,1.0
X-259,ABL,Solid,1275.0,,96.5,,,1.0
X-259-B3,ABL,Solid,1275.0,3225.0,93.1,281.4,35.9,1.0
X-254,ABL,Solid,1230.0,2330.0,60.5,255.0,39.0,1.0
TX-30,THKXM,Polysulfide,1206.0,,44.5,,29.0,1.0
XM-30,THKXM,Solid,1200.0,,54.3,,37.0,1.0
KSR,KARI,Solid,1200.0,1700.0,86.3,235.0,20.0,1.0
KSR Booster,KARI,Solid,1200.0,1250.0,211.0,,5.9,1.0
Paekkom,ADD,Solid,1000.0,,,,,1.0
Acheron,UNK,Solid,1200.0,,,,,1.0
Black Sparrow,IAI,Solid,1200.0,,,,,1.0
Peregrine,MSFC,Solid,1200.0,,,,,1.0
Al Fatah,FATAH,Solid,1200.0,1950.0,130.0,238.0,15.0,1.0
Rook II,RPEW,Solid,1170.0,1735.0,,,7.0,1.0
26KS20000,BAL,AP/Al/Polyurethane,1167.0,2251.0,89.0,230.2,26.0,1.0
BB Mk1,BAL,HTPB,1167.0,2251.0,89.0,230.2,26.0,1.0
BB Mk3,BAL,HTPB,1167.0,2251.0,89.0,230.2,26.0,1.0
Raven 1,RPEW,Solid,1160.0,,80.0,214.5,35.0,1.0
Raven 2,RPEW,Solid,1160.0,,80.0,214.5,35.0,1.0
Raven 5,RPEW,Solid,1160.0,,80.0,214.5,35.0,1.0
Raven 6,RPEW,Solid,1160.0,,80.0,214.5,35.0,1.0
Raven 7,RPEW,Solid,1160.0,,80.0,214.5,35.0,1.0
Star 37FM,THKE,HTPB,1147.0,3052.0,45.8,291.8,66.4,1.0
Star 37E,THKE,Solid,1123.0,2911.0,,283.6,,1.0
23KS20000,BAL,Polyurethane,1113.0,2050.0,89.0,217.0,23.0,1.0
SEPR 740,SEPR,Plastolane,1110.0,,,238.0,20.0,1.0
SEPR 740-3,SEPR,Plastolane,1110.0,,,238.0,20.0,1.0
K420,ISAS,SP Polysulphide,1100.0,,,,17.0,1.0
K420H,ISAS,UP Polyurethane,1100.0,,,,17.0,1.0
Star 37GV,THKE,HTPB,1084.0,2825.0,87.0,290.0,49.0,1.0
Rook,RPEW,Solid,1057.0,1720.0,,,5.5,1.0
X-254 [1],ABL,Solid,1050.0,4200.0,62.0,255.0,39.0,1.0
Hyperbola-1 M4,HEXI,BHT,1050.0,,60.0,290.0,,1.0
Star 37C,THKE,Solid,1047.0,2708.0,,285.5,,1.0
Raven 8,RPEW,AP,1018.0,,50.0,209.5,35.0,1.0
LPC-415,LPC,Solid,1000.0,,,,,1.0
Start,MITT,Solid,1000.0,,100.0,295.0,207.0,1.0
K-15 Booster,DRDO,Solid,1000.0,,,,,1.0
2S-SL,DRDO,Solid,1000.0,,,,,1.0
KSLV SRM,KARI,Solid,1000.0,,80.0,,44.0,1.0
NSPO Booster,NSPO,Solid,1000.0,,,,6.0,1.0
NSPO Sustainer,NSPO,Solid,1000.0,,,,30.0,1.0
Badr-1,ANSAL,Solid,1000.0,,,,,1.0
28D6,KAZOKB,Solid,1000.0,,,,,1.0
Seliger 1,DRG,Solid,1000.0,,50.0,,,1.0
Safir,IR,Solid,1000.0,,,,,1.0
Ababeel,PKNDC,Solid,1000.0,,,,,1.0
X-271,HERC,Solid,1000.0,,,,,1.0
M5E1  (XM42),THKXM,Solid,984.0,,,,,1.0
GEM 22,ATKABL,HTPB,980.0,,92.1,,,1.0
Cygnus 40,LARC/THKE,Solid,972.0,,83.0,,26.0,1.0
15KS25000,BAL,Polyurethane,970.0,1670.0,111.0,217.0,15.0,1.0
TX-664-4,THKXM,HTPB,969.0,,,,6.2,1.0
S-31,IAE,Solid,961.0,1730.0,136.0,261.0,12.0,1.0
Star 37XFP,THKE,HTPB,955.0,2538.0,38.0,290.0,66.0,1.0
Star 37XF,THKE,HTPB,953.0,2340.0,56.0,290.0,66.0,1.0
Stromboli,SDP,Plastolite,942.0,1550.0,97.0,230.0,16.0,1.0
Star 37F,THKE,Solid,934.0,2445.0,,286.0,,1.0
Lance,GCR,Solid,761.0,1148.0,173.0,215.0,6.7,1.0
XM-45,THKX,Solid,922.0,,200.0,,6.0,1.0
5KS50000,THKX,Solid,900.0,,222.0,,5.0,1.0
TX-77,THKX,Solid,824.0,,227.0,,8.7,1.0
S-44,IAE,Solid,917.0,2250.0,30.8,281.9,73.0,1.0
RX-420,LAPAN,Solid,900.0,,,,,1.0
NOTS 500,NOTS,Polyurethane-AP,900.0,,,,45.0,1.0
RH-560,VSSC,Solid,900.0,,76.0,,19.0,1.0
SEPR 737,ONERA,Solid,900.0,,75.0,,16.0,1.0
Orion 38,ATKH,HTPB,896.0,2185.0,36.0,289.6,69.6,1.0
Terrier Mk12 Mod 0,UNK,Solid,845.0,1157.0,257.5,195.4,4.4,1.0
L500,NISST,PB,832.0,,65.0,249.3,27.0,1.0
X-256,ABL,Solid,820.0,1134.0,257.5,195.4,4.4,1.0
Terrier Mk12 Mod 1,ABL,Solid,817.0,1134.0,257.5,195.4,4.4,1.0
T48,MARTB/HERCR,Solid,900.0,658.0,193.0,,3.4,1.0
SEPR 734-1,SEPR,Solid,800.0,1025.0,200.0,,5.0,1.0
B-611,ROKSN,Solid,800.0,,,,,1.0
N-25 Snark JATO,ABL,Solid,800.0,800.0,209.0,,4.0,1.0
HIBEX-U,HERC,Solid,800.0,,2180.0,,1.1,1.0
HIBEX,HERC,Solid,800.0,,2180.0,,1.1,1.0
4KS115000,AJ,Solid,800.0,2000.0,512.0,,4.0,1.0
4DS105000,ABL,Solid,800.0,1900.0,470.0,,4.0,1.0
X-202C3,ABL,Solid,800.0,1900.0,470.0,,4.0,1.0
4DS105000,ABL,Solid,800.0,1870.0,470.0,,4.4,1.0
P068,SEP,Solid,775.0,2300.0,52.5,280.0,46.5,1.0
Star 37D,THKE,Solid,719.0,1860.0,45.0,266.0,,1.0
Star 37B,THKE,Solid,718.0,1860.0,,291.0,,1.0
P064,SEP,Solid,712.0,2300.0,52.0,,45.0,1.0
Star 37S,THKE,Solid,711.0,1870.0,,287.3,,1.0
LEO-1,AJSP,Solid,710.0,1845.0,50.0,,51.5,1.0
Mk 72 UTC,UTC,HTPB,710.0,,,,,1.0
Mk 72,AJCA,HTPB,710.0,,,,,1.0
TU-223,THKU,Solid,700.0,,449.0,,2.4,1.0
SM-3-II-2,MHI,Solid,700.0,,,,,1.0
2.5-DS-59000,ABL,Solid,700.0,,265.0,,2.5,1.0
3-DS-47000,ABL,Solid,700.0,,209.0,,3.0,1.0
TT-500-S2,NASDA,Solid,700.0,,61.0,,,1.0
JCR-S2,NASDA,Solid,700.0,,54.0,,,1.0
S-310,ISAS,PB,671.0,,80.0,,31.6,1.0
Trident Motor,NORTHC,Solid,670.0,,35.0,268.0,,2.0
Star 30E,THKE,HTPB/AP/Al,666.0,1788.0,35.3,290.5,49.0,1.0
M5E1,ABL,Solid,630.0,640.0,195.6,,3.3,1.0
X-216A2,ABL,Solid,630.0,640.0,262.0,,2.5,1.0
XM5,ABL,Solid,630.0,,262.0,,2.5,1.0
M112,AJSP,Solid,630.0,,,,,1.0
Star 30C,THKE,HTPB/AP/Al,629.0,1500.0,32.7,286.8,51.0,1.0
Star 37N,THKE,Solid,622.0,1591.0,,290.0,,1.0
Star 37,THKE,Solid,621.0,1585.0,,260.0,,1.0
Imp Malemute,THKU,Solid,619.0,1395.0,55.1,281.2,22.0,1.0
TX-486-1,THKX,Solid,619.0,1395.0,55.1,281.2,22.0,1.0
TU-758,THKU,Solid,619.0,1395.0,55.1,281.2,22.0,1.0
TX-16-1,THKX,Solid,618.0,,254.0,,2.4,1.0
TE-473,THKE,Solid,600.0,1400.0,80.0,238.0,15.0,1.0
Mk 56 ALTR,ATLR,Solid,600.0,,,,,1.0
Mk 56,AJSP,Solid,600.0,,,,,1.0
Zenith,CONTR,Solid,600.0,900.0,45.0,,21.0,1.0
KM-M,NISST,HTPB,550.0,1375.0,32.0,293.0,63.0,1.0
Star 30BP,THKE,HTPB/AP/Al,542.0,1460.0,27.0,292.0,54.0,1.0
Star 30B,THKE,HTPB/AP/Al,537.0,1460.0,27.0,293.0,54.0,1.0
Mage 2,SEPB,CTPB 16.12,520.0,,46.2,294.0,43.0,1.0
AS-4,VSSC,HEF-20,512.0,,35.0,281.0,33.4,1.0
MARC 13A1,ATLR,Solid,506.0,,17.0,,52.0,1.0
SB-310,NISST,Polyurethane,502.0,,95.0,220.0,7.4,1.0
RH-300-II,VSSC,Solid,500.0,,39.1,,20.2,1.0
29D6,KAZOKB,Solid,500.0,,,,,1.0
T-7 booster,SIMED,Solid,500.0,,2.0,,,1.0
Neptune,SEPR,Solid,500.0,630.0,20.0,,32.0,1.0
SEPR-732,SEPR,Solid,500.0,940.0,,,4.7,1.0
IAI-Arrow-2-2,IAI,Solid,500.0,,,,,1.0
Saman-1,IR,Solid,500.0,,,,,1.0
Alcor IB,AJ,PB,500.0,1148.0,42.8,,26.5,1.0
RX-320,LAPAN,Solid,500.0,510.0,,,,1.0
Vero P2,LRBA,Solid,500.0,,10.0,,,1.0
Vero P6,LRBA,Solid,500.0,,20.0,,,1.0
23KS11000,AJ,PB,500.0,,49.0,,23.0,1.0
THAAD Proto,UTC,Solid,500.0,,,,,1.0
THAAD,AJSP,Solid,500.0,,,,,1.0
NOTS 401A,NOTS,Solid,500.0,,,,7.2,1.0
Abid St3,IQ,Solid,500.0,,,,,1.0
MR-12,TAIFUN,Solid,500.0,,,,,1.0
MR-20,TAIFUN,Solid,500.0,,,,,1.0
MR-25,TAIFUN,Solid,500.0,,,,,1.0
MR-30,TAIFUN,Solid,500.0,,,,,1.0
15D171,YUZH,Solid,500.0,,,,,1.0
Seliger 3,DRG,Solid,500.0,,50.0,,,1.0
Mk 104,AJCA,Solid TP-H 1205C,486.0,,,,,1.0
Star 30A,THKE,HTPB/AP/Al,492.0,1345.0,27.0,294.7,54.0,1.0
E-8-5 VA,NPOL,Solid,481.0,,,,,1.0
Mk 12 ASROC,UNK,Solid,480.0,,49.0,,,1.0
30KS8000,AJ,Polyurethane,478.0,1070.0,36.0,,30.0,1.0
Orbus 1,UTC,Solid,476.0,,31.0,,,1.0
Orbus 1A,ATKE,Solid,476.0,,31.0,,,1.0
LS-A Booster,NASDA,Solid,475.0,600.0,60.0,,10.0,1.0
KM-P,NISST,HTPB,461.0,,31.3,286.0,44.0,1.0
Mage 1S,SEPB,CTPB 16.12,450.0,,33.5,291.0,48.5,1.0
M-40,NISST,Solid,445.0,,26.5,270.0,40.0,1.0
Saluki S,IMIS,Solid,442.0,,35.6,,27.0,1.0
Goldfinch II,RPEW,Solid,410.0,700.0,175.0,225.0,3.5,1.0
Goldfinch IIA,RPEW,Solid,410.0,700.0,175.0,225.0,3.5,1.0
PTDU,SOYUZ,Solid,405.0,736.0,29.0,277.4,23.3,1.0
17KS12000,BAL,Solid,402.0,915.0,53.0,284.9,17.8,1.0
Tianying 3F,SZRTC,Solid,400.0,,,,,1.0
Gradicom 1,CITED,Solid,400.0,,,,,1.0
SS-520,ISAS,Solid,400.0,,,,,1.0
S-300,ISAS,Solid,400.0,,,,,1.0
Mk 30,ATLR,Solid,400.0,,,,,1.0
3KS33000,AJ,Solid,400.0,440.0,147.0,,3.0,1.0
SPRAN-50,ONERA,Solid,400.0,,,,5.6,1.0
Kavoshgar,IR,Solid,400.0,,,,12.0,1.0
M112,AJSP,Solid,395.0,,,,,1.0
M22E8,AJ,Solid,389.0,,,,,1.0
NOTS Mod 551-B,NOTS,E107M polyurethane,371.0,831.0,,270.0,28.0,1.0
TX-239,THKX,Solid PBAA,368.0,,,,,1.0
Meteor-2,PIHM,Solid,368.0,423.0,24.0,,18.0,1.0
Mage 1,SEPB,CTPB 16.12,368.0,,28.2,284.7,34.0,1.0
SLV-3-4,VSSC,HEF-20,360.0,,26.8,282.9,33.0,1.0
Saluki B,IMIS,Solid,360.0,,195.5,,6.0,1.0
Star 27,THKE,CTPB/AP/Al,360.5,951.0,26.7,288.0,34.3,1.0
Waxwing,RPEW,Solid RD2435,351.0,845.0,28.8,276.0,40.0,1.0
K420(1/3),ISAS,UP Polyurethane,350.0,,,,,1.0
ABL JATO,ABL,Solid,350.0,,222.0,,3.0,1.0
Tiny Tim,USN,Solid,345.0,130.0,220.0,,0.6,1.0
X-248 [1],ABL,Solid,330.0,518.0,13.4,,38.6,1.0
Belier II,SDP,Polyvinyl,320.0,,20.0,,23.8,1.0
Vega,SDP,Polyurethane,320.0,,20.0,,23.8,1.0
Jericho II,ONERA,Solid DB,320.0,,20.0,,23.8,1.0
Jericho IV,SDP,Solid DB,317.0,460.0,20.0,235.0,23.4,1.0
S-20,IAE,Solid,316.0,612.0,36.0,257.0,20.0,1.0
TU-716,THKU,CTPB,308.0,520.0,186.0,,3.7,1.0
Goose II,RPEW,Solid,306.0,370.0,22.0,,17.0,1.0
KM-D,NISST,HTPB,304.0,629.0,17.4,294.0,38.0,1.0
FW4S,UTC,Solid,301.0,766.0,26.0,284.1,31.5,1.0
K250H,ISAS,UP Polyurethane,300.0,,,,7.2,1.0
Star 20,THKE,CTPB/AP/AlTP-H-3062M,300.0,772.0,27.1,286.5,27.5,1.0
RX-250-LPN,LAPAN,HTPB,300.0,310.0,52.0,,6.0,1.0
SM-3-II-3,MHI,Solid,300.0,,,,,1.0
TU-289,THKU,CTPB,300.0,,162.0,,,1.0
Tianying 3C,SZRTC,Solid,300.0,,,,,1.0
LAPAN,LAPAN,HTPB,300.0,310.0,52.0,,6.0,1.0
LS-C Booster,STA,Solid,300.0,,,,,1.0
PRD-18,ISKRM,Solid,300.0,,490.0,,4.5,1.0
RH-300,VSSC,Solid,300.0,,33.3,,16.0,1.0
FFK,ERNO,Solid,300.0,,,,,1.0
Aerojet Mk 8,AJ,Solid,300.0,,111.0,,,1.0
R-31BS,ARSL,Solid,300.0,,1.0,,101.0,1.0
X-258,ABL,Solid,300.0,623.0,24.2,279.1,31.0,1.0
FW4,UTC,Solid,299.0,,26.7,,32.4,1.0
X-248,ABL,Solid,296.0,561.0,14.0,,40.0,1.0
X-248A10,ABL,Solid,296.0,516.0,13.0,,39.0,1.0
Gosling IIN,RORD,Solid,292.0,400.0,130.0,,3.5,1.0
12KS10000,BAL,Solid ANP2872JM-IV,292.0,552.0,43.7,236.2,12.0,1.0
SEPR-200,SEP,Solid,280.0,333.0,50.0,,6.7,1.0
MB-1,AJ,Solid,273.0,100.0,161.0,,2.0,1.0
S-50000,CSXT,Solid,272.0,430.0,71.0,,13.4,1.0
Star 26,THKE,CTPB/AP/Al,269.0,616.0,33.3,271.0,17.8,1.0
9KS11000,BAL,Polyurethane DREV,265.0,440.0,49.0,220.0,9.0,1.0
Gosling 4,RORD,Solid,263.0,426.0,137.0,,4.5,1.0
Star 26C,THKE,CTPB/AP/Al,262.0,622.0,35.0,272.1,16.8,1.0
Star 26B,THKE,CTPB/AP/Al,261.0,635.0,34.6,271.7,17.8,1.0
X-258-B1,ABL,Solid,260.0,620.0,27.5,278.1,24.0,1.0
2.5KS18000,AJ,Solid,260.0,200.0,80.0,,2.5,1.0
AJ60-80,AJ,Solid,260.0,200.0,80.0,,2.5,1.0
Hydac,LPC,PBAA,256.0,412.0,41.6,253.0,,1.0
Hydac,LPC,PBAA,253.0,,58.7,253.0,,1.0
TD1,KPA,Solid,252.0,,18.3,250.0,27.0,1.0
DACRoc,DAC,Solid,250.0,,50.0,220.0,8.0,1.0
33KS2800,GRC,Solid,250.0,347.0,12.5,,33.0,1.0
Qased-S3,IRGC,Solid,250.0,,,,,1.0
M-100,UNK,Solid,250.0,,,,3.0,1.0
MG-18,LPC,Solid,248.0,591.0,,,,1.0
Cuckoo 4,RPEW,Solid,243.0,452.0,44.0,204.0,15.0,1.0
Cuckoo IA,RPEW,Solid,243.0,320.0,90.0,204.0,4.3,1.0
TE-M-380,THKE,Solid,242.0,165.0,147.0,,,1.0
K250,ISAS,EP polyesther,240.0,,34.0,,9.3,1.0
K250-8,ISAS,EP polyesther,240.0,,34.0,,9.7,1.0
X-248A5,ABL,Solid,240.0,516.0,12.5,255.0,38.0,1.0
Cygnus 25,THKE,Solid,239.0,,33.3,,16.5,1.0
Star 24C,THKE,CTPB/AP/Al,239.0,614.0,21.5,282.3,28.0,1.0
Cuckoo IB,RPEW,Solid RD2409,237.0,360.0,80.9,204.0,4.1,1.0
X-248A3,ABL,Solid,232.0,518.0,14.0,250.5,39.0,1.0
Mayfly,WRE,Solid,230.0,224.0,62.0,,3.6,1.0
Gosling,RORD,Solid,230.0,278.0,130.0,,2.5,1.0
Cuckoo II,RPEW,Solid RD2410,226.0,396.0,36.5,204.0,10.0,1.0
Centenario,IIAE,Solid,224.0,,39.0,,11.2,1.0
XM-10,THKX,Polysulfide,221.0,,,,,1.0
TX-52,THKX,Polysulfide,221.0,,,,,1.0
TE-416,THKE,PBAA,220.0,417.0,53.0,,9.0,1.0
TE-406,THKE,PBAA,220.0,417.0,53.0,,9.0,1.0
Star 24,THKE,CTPB/AP/Al,218.0,561.0,18.5,282.9,29.6,1.0
S-210,ISAS,PB,210.0,,,,17.0,1.0
XM-17,THKX,Solid,200.0,,,,,1.0
SpaceLoft,UPAE,Solid,200.0,,36.6,,12.0,1.0
Canopus,IIAE,Solid,200.0,,,,18.0,1.0
SS-50 Antares,IIAE,Solid,200.0,,,,18.0,1.0
RH-300 Booster,VSSC,Solid,200.0,,37.5,,6.0,1.0
K220,ISAS,Solid,200.0,,,,,1.0
S250,ISAS,Solid,200.0,,,,,1.0
X-241,ABL,Solid,196.0,44.0,12.1,260.1,36.0,1.0
Snipe,RORD,Solid,190.0,261.0,16.3,,16.0,1.0
TU-715,THKU,CTPB,190.0,277.0,85.0,,4.6,1.0
S-23,IAE,Solid,182.0,,18.0,,,1.0
30AS1000,AJ,Solid GALCIT,174.0,133.0,4.4,184.0,30.0,1.0
TE-29-1A,THKE,Solid,170.0,269.0,173.0,225.0,2.2,1.0
Recruit,THKE,Solid,170.0,269.0,173.0,225.0,2.2,1.0
Javelin 3,LPC,PBAA/AP,165.0,,93.0,239.0,,1.0
Javelin 3 (old),LPC,PBAA/AP,165.0,273.0,47.6,239.0,,1.0
HOTROC,NOTS,Solid,163.0,306.0,63.2,230.0,4.9,1.0
Venus,SUD,Solid,160.0,190.0,44.0,205.0,4.3,1.0
FG-47,HEXI,Solid,160.0,,,,36.0,1.0
SVM-2,AJSP,Solid,159.0,400.0,14.0,285.0,28.0,1.0
Javelin 2,LPC,PBAA/AP,155.0,257.0,140.4,,,1.0
Javelin,LPC,PBAA/AP,155.0,,178.0,243.0,,1.0
1.5KS35000,THKE,Solid,153.0,262.0,156.0,,1.7,1.0
Yardbird,THKE,Solid,151.0,,75.0,,3.4,1.0
SEPR 685-4,SEPR,Solid,150.0,167.0,33.0,,5.0,1.0
MLRS,VOUA,Solid,150.0,170.0,53.0,,3.2,1.0
SO-250,ISAS,Solid,150.0,,,,,1.0
Kappa 4 Booster,ISAS,Solid,150.0,,105.0,,3.0,1.0
TT-200,NASDA,Solid,150.0,,,,,1.0
TT-210,NASDA,Solid,150.0,,,,,1.0
Upstage,MDAC,Solid,140.0,,,,1.0,1.0
Orion-2,IIAE,Solid,140.0,,,,12.0,1.0
Orion-1,IIAE,Solid,140.0,,,,12.0,1.0
RH-200SV,VSSC,Solid,140.0,,16.9,,10.0,1.0
Dorado,WRE,Solid,139.3,173.0,42.0,,4.3,1.0
BE-3B1,HERC,Solid,138.0,269.0,34.2,,7.8,1.0
TE-307,THKE,Solid,135.0,167.0,21.1,,6.0,1.0
Star 17A,THKE,CTPB/AP/Al,125.5,320.0,16.0,286.7,19.4,1.0
Vela,WRE,Solid,118.0,133.0,26.7,,5.0,1.0
Cygnus 20,THKE,Solid,118.0,,30.0,,8.5,1.0
Kiva 5.5KS6100,RPI,Solid,107.0,149.0,27.0,,5.5,1.0
L480S,NISST,PB,102.0,,7.8,254.0,31.5,1.0
Arcon,ATLR,Solid,100.0,140.0,4.5,,33.0,1.0
TE-388,THKE,PBAA TPH-3117,100.0,,,,,1.0
Traveler,USCLA,Solid,100.0,,,,,1.0
Gradicom 2,CITED,Solid,100.0,,,,,1.0
M-100 St2,UNK,Solid,100.0,,,,4.5,1.0
2-AS-22000,AJ,Solid,100.0,200.0,98.0,,2.0,1.0
2.5-AS-18000,AJ,Solid,100.0,200.0,80.0,,2.5,1.0
K10S,ISAS,Solid,100.0,,,,,1.0
Mk 136,THKE,Solid,100.0,,7.0,,15.0,1.0
NAL-25,STA,Solid,100.0,,,,,1.0
Demon,WRE,Solid,100.0,104.0,45.2,,2.3,1.0
BE-3,HERC,Solid,100.0,,34.0,,8.0,1.0
BE-3A4,HERC,Solid,100.0,,34.0,,8.0,1.0
BE-3A5,HERC,Solid,100.0,,34.0,,8.0,1.0
BE-3A9,HERC,Solid,98.0,235.0,27.7,275.2,8.5,1.0
Lapwing,BAJUK,Solid,97.5,,,237.0,30.0,1.0
K160,ISAS,EP polyesther,94.0,,,,5.3,1.0
5.6KS5400,GCR,Solid,91.0,134.0,24.0,209.0,5.6,1.0
3.8KS8040,GCR,Solid,90.0,135.0,35.8,207.0,3.8,1.0
3.52KS8500,SDCO,Solid,89.0,144.0,35.8,,3.2,1.0
S-160,ISAS,UP Polyurethane,90.0,,,,,1.0
RM-1400,COOP,Solid AP/Al E-107M,90.0,158.0,12.7,235.0,12.0,1.0
K150,ISAS,EP polyesther,86.0,,,,15.8,1.0
3.52KS8500,GCR,Solid,87.0,142.0,37.8,,3.5,1.0
Asp II,COOP,Solid JPL-131,87.0,141.0,38.6,212.0,3.6,1.0
RM-1100,COOP/GCR,Solid JPL-132A,85.0,141.0,26.6,215.0,5.3,1.0
Astrobee D,AJSP,HTPB,85.0,156.0,8.9,,17.0,1.0
Agnes,CFTHB,Polyvinyl,82.0,100.0,40.0,242.0,2.5,1.0
Emilie,CFTHB,Polyvinyl,82.0,100.0,40.0,242.0,2.5,1.0
Asp III,COOP,Solid JPL-131,81.0,139.0,42.7,226.0,3.3,1.0
Melanie,ONERA,Solid,80.0,49.0,38.0,,4.4,1.0
MMR-06,GMS,Solid,80.0,,,,9.0,1.0
10KS2500,THKE,Solid,80.0,111.0,11.0,,10.0,1.0
Star 17,THKE,CTPB/AP/Al,79.0,198.0,11.0,286.0,17.6,1.0
SS-520 S3,ISAS,Solid,78.0,,,,,1.0
Cajun,THKE,Solid,75.0,108.0,43.0,,3.0,1.0
X-209,ABL,Solid,71.8,,4.4,,14.0,1.0
Mk 39,RDYNE,Solid,70.0,,35.0,,2.0,1.0
1.8KS7800,AJ,Solid,70.0,63.0,35.0,,1.8,1.0
NAL-16,NAL,Solid,70.0,,10.7,,14.0,1.0
S-B,STA,Solid,70.0,,,,,1.0
S-C,STA,Solid,70.0,,,,,1.0
SA-II,STA,Solid,70.0,,,,,1.0
SS-30,AVIB,Solid,60.0,,,,,1.0
FTI,AVIB,Solid,60.0,,,,,1.0
Proson 1,CITEF,Solid,60.0,,,,,1.0
Kisha I 4.4KS4800,RPI,Solid,66.0,95.0,21.0,,4.4,1.0
Cygnus 15,LARC,Solid,60.0,,22.3,,4.8,1.0
RH-200,VSSC,Solid,60.0,96.0,16.9,,5.7,1.0
MT-135,ISAS,Solid,68.0,,8.1,230.0,10.5,1.0
X-220,ABL,Solid,68.0,79.0,26.0,,3.0,1.0
Sirocco,GCR,PBAA,65.0,111.0,14.8,,,1.0
Mk 128 JATO,UNK,Solid,64.4,,4.4,,15.0,1.0
15-KS-1000,AJP,Solid,63.0,,4.4,,15.0,1.0
HVAR,NOTS/CIT,Solid,63.0,,25.0,,0.9,1.0
T-40,THKE,Polysulfide,62.0,89.0,13.3,,6.0,1.0
DM-16,ABL,Solid,60.0,33.0,30.0,210.0,2.1,1.0
22.6KS1245,NMC,E107M,60.0,124.0,5.5,,22.6,1.0
Viper V,OSCC,Solid,60.0,142.0,27.0,,5.3,1.0
KM-H,NISST,Solid,59.0,,,281.0,,1.0
Aurore,SNECMA,Solid,54.0,58.0,,250.0,5.3,1.0
Mk 22 Mod 2,UNK,Solid DB N-4,52.0,30.0,,,2.1,1.0
LAPSTAR,WRE,Solid,52.0,37.0,13.7,,2.7,1.0
ZN-1,NUDTC,Solid,50.0,,,,,1.0
ILR-33 Booster,PAI,Solid,50.0,,6.0,,2.5,1.0
SEPR P163,SEPR,Solid,50.0,,,,35.0,1.0
12-AS-1000,AJP,Solid,50.0,,4.4,,12.0,1.0
14-NS-1000,AJP,Solid,50.0,,4.4,,14.0,1.0
14-AS-1000,AJP,Solid,50.0,,4.4,,14.0,1.0
NOTS 100A,NOTS,Solid,50.0,,40.0,,20.0,1.0
Cirrus I,DRG,Solid,50.0,50.0,5.0,,10.0,1.0
Cirrus II,DRG,Solid,50.0,90.0,18.0,,5.0,1.0
Star 13B,THKE,CTPB/AP/Al,47.0,116.0,7.6,285.7,14.8,1.0
Kappa 4,ISAS,Solid,45.0,,10.0,,3.0,1.0
Kappa 1,ISAS,Solid,45.0,,10.0,,3.0,1.0
Mk 36,HERC/THK/ATLR,HTPB,45.0,,,,,1.0
Mk 17,THKE,Solid,45.0,,17.7,,2.1,1.0
Mk 15,THKE/NOTS,Solid,45.0,,17.7,,2.1,1.0
Mk 50 Mod 0,THKE,Solid,43.8,63.0,12.2,230.0,4.7,1.0
SR.116,ABL/AJSP,Solid,45.0,,17.7,,2.1,1.0
9KS1660,BAL,PB,43.0,66.0,7.4,240.0,9.0,1.0
Lupus 3,WRE,Solid,41.0,61.0,11.5,,5.3,1.0
Sword 3KS5000,LPC,Solid,42.0,60.0,16.0,,3.8,1.0
Star 13F,THKE,Solid,40.1,94.0,6.3,240.0,15.0,1.0
Hopi 9.0KS1800,RPI,Solid,40.0,72.0,7.7,,9.0,1.0
Excalibur,BAL,Solid,39.2,61.0,20.0,,2.5,1.0
MARC 60A,ATLR,Solid,38.0,60.0,1.6,,32.6,1.0
RTV,JPL,JPL 136,37.0,51.0,8.5,230.0,5.4,1.0
Star 13A,THKE,CTPB/AP/Al,38.0,94.0,5.9,286.5,15.3,1.0
Star 13C,THKE,Solid,38.0,81.0,5.0,218.0,15.0,1.0
Bantam,BAJUK,Solid,37.0,,1.8,237.0,30.0,1.0
Bantam 2,BAJUK,Solid,37.0,,1.8,237.0,30.0,1.0
Bantam 3,BAJUK,Solid,33.0,,1.7,237.0,34.0,1.0
Star 13,THKE,Solid,36.0,84.0,4.1,273.0,21.0,1.0
S-A,STA,Solid,36.0,29.0,2.5,164.0,12.0,1.0
Lupus 2D,WRE,Solid,35.7,48.0,11.5,,4.0,1.0
Lupus 2,WRE,Solid,35.7,46.0,11.5,,4.0,1.0
Star 13D,THKE,Solid,35.3,76.0,5.0,223.0,15.0,1.0
Icarus,ERAU,AP/Al,35.0,,15.8,239.9,6.4,1.0
MARC 2B1,ATLR,Solid,34.4,43.0,1.5,,29.0,1.0
Hopi 3.0KS4000,RPI,Solid,33.0,53.0,18.0,,3.0,1.0
Hopi 2.4KS5600,RPI,Solid,34.0,58.0,24.9,227.0,2.4,1.0
Lupus 1A,WRE,Solid,33.6,38.0,9.5,,5.2,1.0
Star 12A,THKE,Polyurethane/AP/Al,33.5,61.0,7.3,270.0,7.5,1.0
Urbion,INTA,Solid,33.0,,1.5,,34.0,1.0
Meteor-1,PIHM,Solid,32.5,31.0,14.0,,2.3,1.0
MARC 42A1,ATLR,Solid,30.8,,12.2,,3.0,1.0
Star 13E,THKE,Solid,30.5,63.0,4.2,211.0,15.0,1.0
Cherokee,THKE,Solid,30.0,,,,1.5,1.0
RH-125,VSSC,Solid,30.0,30.0,10.5,,2.9,1.0
RH-125S,VSSC,Solid,30.0,30.0,10.5,,2.9,1.0
NOTS 124-C,NOTS,Solid,30.0,,,,,1.0
HPAG,NOTS,Solid,30.0,,12.6,,2.7,1.0
Proson 2,CITEF,Solid,30.0,,,,,1.0
TME DART,TMINUS,Solid,30.0,59.0,24.7,,2.2,1.0
Viper IIIA,SDCO,Solid,30.0,59.0,24.7,,2.2,1.0
MARC 2B1,ATLR,Solid,30.0,,1.4,,29.2,1.0
DIM,IIAE,Solid,30.0,,,,,1.0
T-55,THKE,Solid,28.0,,21.4,,1.3,1.0
INTA S-12,INTA,Solid,28.0,,16.7,,1.2,1.0
Star 12,THKE,Polyurethane/AP/Al,27.8,46.0,5.6,252.0,7.5,1.0
Sonda 1 Booster,IAE,Solid,27.5,,27.0,,,1.0
Sonda 1,IAE,Solid,27.3,,4.2,,,1.0
Stable Super Loki,SDC,PS/AP,27.0,44.0,21.2,228.7,2.1,1.0
Belisama,CFTHB,Solid,26.0,24.0,24.0,,0.9,1.0
MARC 2C2,ATLR,Solid,26.0,,1.4,,29.0,1.0
Lobster,RORD,Solid,26.0,58.0,29.0,,2.0,1.0
RM-3141,COOP/JPL,Solid,25.0,48.0,7.6,222.0,6.3,1.0
Super Loki,SDC,PS/AP,23.0,38.0,17.8,232.0,2.1,1.0
SEPR P167,SEP,Solid,23.0,,34.0,,,1.0
MCR-3,VSSC,Solid,20.0,,,,,1.0
Mk 117 JATO,UNK,Solid,22.7,,11.2,,1.5,1.0
NAL-7,STA,Solid,20.0,,,,,1.0
Falcon,THKX,PS/AP,20.0,,20.0,150.0,1.4,1.0
Melusine,ATEF,Plastolite,20.0,,,,,1.0
MARC 42A2,ATLR,Solid,20.0,,,,,1.0
SEPR P191,SEPR,Solid,20.0,15.0,14.8,,1.0,1.0
SkyMicro1,SKYR,Solid,20.0,,1.6,172.0,,1.0
MERA,KBPT,Solid,20.0,40.0,20.0,,2.0,1.0
Star 10,THKE,PB/AP/Al TP-G-3012,17.0,30.0,33.5,251.0,9.0,1.0
BB7,BAL,Solid,16.0,,,,,1.0
MARC 14A1,ATLR,Solid,16.0,,12.0,,0.8,1.0
Cygnus 10,PARD,Solid,15.0,,10.0,,3.2,1.0
TX8-6,THKX,Solid,15.0,25.0,3.6,233.0,7.0,1.0
NOTS 8,NOTS,Solid,14.9,29.0,5.1,245.0,5.7,1.0
DMU 3000,THKE,Solid,13.4,,,,,1.0
MARC 14B1,ATLR,Solid,13.4,10.0,12.0,,0.8,1.0
Mk7,UNK,Solid,13.1,9.0,9.8,,0.9,1.0
Icarus St2,ERAU,AP/Al,13.0,,4.1,241.5,7.0,1.0
Arcon booster,ARC,Solid,12.4,5.0,14.0,,0.4,1.0
M3A2 JATO,UNK,Solid DB T6,12.3,,,,,1.0
T-41,THKX,Polysulfide,12.0,,,,,1.0
Arrow II,GCR,Solid,12.0,17.0,9.0,,1.9,1.0
Judi-III 1.9KS2100,RPI,Solid,12.0,,9.3,,1.9,1.0
SR71-AD-1,SDCO,Solid,11.0,18.0,9.0,231.0,2.0,1.0
Loki II,GCR,Solid,11.0,17.0,9.0,223.0,2.0,1.0
Judi-I 1.9KS2150,RPI,Solid,10.0,18.0,9.6,224.0,1.9,1.0
Musca,WRE,Solid,10.0,19.0,5.1,,3.7,1.0
HAEC FFAR,UNK,Solid,10.0,11.0,4.0,,2.8,1.0
SkyMicro2,SKYR,Solid,10.0,,0.8,181.0,,1.0
RH-75,VSSC,Solid,10.0,,,,,1.0
Theodore,ATEF,Epictete,10.0,18.0,1.8,,10.0,1.0
Mk 125 JATO,UNK,Solid,9.2,,,,,1.0
DMU 2000,THKE,Solid,8.9,,,,,1.0
FFAR,USN/CIT,Solid,9.0,5.0,3.6,,1.5,1.0
Loki,JPL/GCR,Solid,8.0,10.0,15.0,213.0,0.8,1.0
Seagull,UNK,Solid,8.0,,10.0,,2.0,1.0
Chick,RPEW,Solid,8.0,4.0,20.0,,0.2,1.0
Luzou,SEP,Solid,7.0,,3.0,,1.7,1.0
Mk 66 FFAR,UNK,Solid,6.5,7.0,5.8,,1.0,1.0
MARC 21A1,ATLR,Solid Arcite,6.3,8.0,0.6,,17.5,1.0
T-22,JPL,Solid,5.0,,24.0,206.0,0.2,1.0
Oreste,ATEF,Epictete,5.0,7.0,0.9,,8.0,1.0
Mk 40 LSFFAR,UNK,Solid,5.0,5.0,3.2,,1.6,1.0
KM-L,NISST,HTPB,4.0,,,,,1.0
LaRC Plastic,LARC,Solid T13E1,2.5,2.0,0.4,100.0,3.0,1.0
Cygnus 5,LARC,Solid,2.5,,2.3,236.0,1.6,1.0
PSSC,AERO,Solid,2.0,40.0,,,,4.0
1KS420,ATLR,Solid,2.0,2.0,22.0,,1.0,1.0
JPL 2 lb Kick Motor,JPL,JPL 136,1.5,,,246.0,,1.0
D-SAT-EES,DORBIT,Solid,0.9,,0.4,266.4,3.2,1.0
NOTS 3SM,NOTS,Solid,0.6,1.0,0.7,245.0,1.0,1.0
CRAPEL,ONERA,Solid,,52.0,,,10.5,1.0
RS-B-535,RDYNE,Solid,,,,,,1.0
Buran TDEO,UNK,Solid,,35.0,28.0,,,1.0
M15A1 JATO,PHILR,Solid,,,4.4,,16.0,1.0
M34 ZEL JATO,RDYNM,Solid,,,578.0,,4.0,1.0
8-AS-1000,AJP,Solid,,,4.4,,8.0,1.0
Cedre St1,LRS,Solid,,,138.0,,,1.0
Cedre St2,LRS,Solid,,,78.0,,,1.0
Cedre St3,LRS,Solid,,,20.0,,,1.0
Cedre-4 St1,LRS,Solid,,,138.0,,,1.0
,,,,,,,,
HALO,HAL5,HTPB,20.0,,1.9,240.0,,1.0
Hyperion,EAC,HTPB,47.0,93.0,6.0,,15.0,1.0
Atea-1,RLABN,Solid,,100.0,6.9,,14.5,1.0
DHX-200 Aurora,DARE,Sorbitol/Paraf/Al,85.0,190.0,8.0,,23.0,1.0
Hapith S3,TISPACE,HTPB,,,10.0,,,1.0
Hapith S2,TISPACE,HTPB,,,20.0,,,1.0
RM-1,SCAL/SPDEV,HTPB,,7200.0,90.0,,80.0,1.0
RM-2,SCAL/SPDEV,HTPB,,16000.0,270.0,,60.0,1.0
Lelien 1A,TISPACE,HTPB,,,1320.0,,,1.0
MT 27,SNECMA,Solid,75.0,200.0,10.0,200.0,20.0,1.0
FWUM,NAMMO,HTPB,,,30.0,,35.0,1.0
ILR-33,PAI                 -,Solid,,,4.0,,40.0,1.0
HTR,NAMMO,Solid,,520.0,26.0,202.0,20.0,1.0
Dolphin,STST,PB,7500.0,,155.0,,,1.0
HYSR,LMMI,HTPB,,8000.0,270.0,290.0,33.4,1.0
H500,AMROC,PB,12200.0,23000.0,333.0,295.2,70.0,1.0
,,,,,,,,
,,,,,,,,
,,,,,,,,
P4-1 Sustainer,NAA,Hydyne,,,0.5,262.0,,1.0
T-7 LRE,SIMED,Aniline,1000.0,,2.0,,,1.0
P4-1 Booster,NAA,Hydyne,,,2.4,232.0,,1.0
LR2-RM-6,RMI,Aniline,,,2.8,195.0,260.0,1.0
LPR-006,ISRO,Aniline,,,6.0,,,1.0
WAC,AJGC,Aniline/Alcohol,313.0,300.0,6.7,,47.0,1.0
X21AL-2600,AJGC,Aniline/Alcohol,,,11.4,,21.0,1.0
21AL-2600,AJGC,Aniline/Alcohol,,,11.4,,21.0,1.0
Ajax-490,AJGC,Aniline/Alcohol,,,11.4,,21.0,1.0
NATIV,NAA,Aniline,,,11.6,,,1.0
XASR-1,AJGC,Aniline/Alcohol,467.0,520.0,11.6,188.5,32.1,1.0
AJ11-6,AJGC,Aniline/Alcohol,670.0,928.0,17.8,199.0,52.0,1.0
AJ11-21,AJGC,Aniline/Alcohol,670.0,928.0,17.8,199.0,52.0,1.0
AJ10-24,AJGC,Aniline/Alcohol,467.0,586.0,17.8,193.0,32.1,1.0
AJ10-25,AJGC,Aniline/Alcohol,467.0,586.0,17.8,193.0,32.1,1.0
AJ10-27,AJGC,Aniline/Alcohol,467.0,586.0,17.8,193.0,32.1,1.0
AJ10-34,AJGC,Aniline/Alcohol,467.0,586.0,17.8,193.0,32.1,1.0
AJ60-92,AJGC,Aniline (ANFA),576.0,1346.0,22.6,,58.5,1.0
LPR-3T,ISRO,Aniline,,,29.0,,,1.0
TD-187,RMD,MAF-1,92.0,,53.0,,,1.0
TD-232,RMD,MAF-1,255.0,,53.0,,,1.0
Wasserfall,HVP,Vinyl Isobutyl ether,,,78.0,,40.0,1.0
Corporal E,JPL,Aniline,,,89.0,,,1.0
Corporal,AJGC,Aniline,,,89.0,,63.0,1.0
,,,,,,,,
,,,,,,,,
S2.721V,ISAEV,Amine,,,11.8,,,1.0
P-15,ISAEV,Amine,,,11.9,,,1.0
S5.4,ISAEV,Amine,,,15.8,266.0,,1.0
V-750V,ISAEV,Amine,,,30.4,,,1.0
S2.720,ISAEV,Amine,,,34.3,233.0,,1.0
S5.5,ISAEV,Amine TG-02,,,44.0,287.0,,1.0
KTDU-5A,ISAEV,Amine,,,45.5,287.0,,1.0
S2.253,ISAEV,Amine TG-02,,,80.0,251.0,78.0,1.0
S09.29,ISAEV,Amine,,,88.0,,,1.0
Prithvi,DRDO,Xylidiene/Trieth.,,,100.0,,,1.0
S2.726,ISAEV,Amine TG-02,,,103.0,,55.0,1.0
S5.1,ISAEV,Amine,,,167.0,,,1.0
S5.44,ISAEV,Amine,,,177.0,251.0,,1.0
S2.713,ISAEV,Amine TG-02,,,252.0,,,1.0
S5.3,ISAEV,Amine,,,392.0,,,1.0
S5.38,ISAEV,Amine,,,392.0,,,1.0
S5.3M,ISAEV,Amine,,,396.7,241.0,,1.0
S2.1150,ISAEV,Amine TG-02,,,671.2,250.0,,1.0
,,,,,,,,
Unha St3,KPA,UDMH,,,,,,1.0
KDU-414,ISAEV,UDMH,,80.0,2.0,290.0,,1.0
11D429,ISAEV,UDMH,,80.0,2.0,290.0,,1.0
KTDU-53,ISAEV,UDMH,,,4.1,280.0,,1.0
KTDU-35,ISAEV,UDMH,,,4.1,280.0,,1.0
KTDU-66,ISAEV,UDMH,,,4.1,280.0,,1.0
LE-2,STA,UDMH,,,9.8,195.0,25.0,1.0
LRE-4,IR,UDMH,,,17.7,,,1.0
KTDU-417,ISAEV,UDMH,,,18.9,314.0,,1.0
P8E-9,RDYNE,UDMH,,,20.0,227.0,114.0,1.0
RD-851,YUZH,UDMH,,,32.5,279.0,,1.0
AJ10,AJGC,UDMH,,,33.0,,122.0,1.0
AJ10-11B,AJGC,UDMH,,,33.0,,122.0,1.0
AJ10-118,AJGC,UDMH,,,33.7,271.0,,1.0
AJ10-118A,AJGC,UDMH,,5730.0,33.7,,170.0,1.0
AJ10-118D,AJGC,UDMH,,,33.7,278.0,,1.0
AJ10-101,AJGC,UDMH,,,34.3,270.0,,1.0
AJ10-40,AJGC,UDMH,,,34.5,,110.0,1.0
AJ10-41,AJGC,UDMH,,,34.5,,110.0,1.0
AJ10-42,AJGC,UDMH,,,34.5,,110.0,1.0
AJ10-101A,AJGC,UDMH,,,34.7,,,1.0
AJ10-118E,AJGC,UDMH,,,35.1,278.0,400.0,1.0
AJ10-104,AJGC,UDMH,,,35.1,278.0,,1.0
RD-852,YUZH,UDMH,,,48.3,255.0,,1.0
Bell 8048,BELL,UDMH,,,69.0,276.0,120.0,1.0
Bell 8096,BELL,UDMH,,,71.2,289.8,,1.0
Bell 8096-37,BELL,UDMH,,,71.2,289.8,,1.0
Bell 8096-39,BELL,UDMH USO,,,71.2,299.7,,1.0
Bell 8081,BELL,UDMH,,,71.2,285.0,,1.0
Nodong,KPA,UDMH,,,144.0,255.0,170.0,1.0
11D49 [Old],KBKHA,UDMH,,,157.5,303.0,335.0,1.0
P8E-9 Boost,RDYNE,UDMH,,,190.0,227.0,6.1,1.0
YF-1,CALT,UDMH,,,255.0,240.0,130.0,1.0
YF-3,CALT,UDMH,,,294.0,287.0,120.0,1.0
YF-2A,CALT,UDMH,,,306.1,268.0,,1.0
RD-215,EMASH,UDMH,,,864.0,291.0,,1.0
RD-217,EMASH,UDMH,,,865.0,289.0,106.0,1.0
RD-219,EMASH,UDMH,,,882.0,293.0,80.0,1.0
RD-225,EMASH,UDMH,,,889.0,294.0,,1.0
RD-216,EMASH/KRAS,UDMH,,,1728.0,291.0,130.0,4.0
RD-224,EMASH,UDMH,,,1778.0,294.0,,1.0
S5.45,ISAEV,UDMH,,,1961.0,267.0,,1.0
,,,,,,,,
,,,,,,,,
AlKahir,EGAO,Kerosene,,,UNK,,,1.0
LE-1,STA,Kerosene,,350.0,10.0,195.0,35.0,1.0
Aerobee Jr,AJGC,Kerosene JP-4,,,11.6,200.0,40.0,1.0
Ajax 1810,AJ,JPX (JP-4/UDMH),,,11.6,,30.0,1.0
Ajax,AJ,Kerosene JP-4,,,11.6,,30.0,1.0
S2.711,ISAEV,Kerosene,,,13.8,,22.0,1.0
S2.711V,ISAEV,Kerosene TG-02,,,30.4,,25.0,1.0
Veronique N,LRBA,Kerosene,,,40.0,,,1.0
OTRAG,OTR,Kerosene,,,58.7,250.0,126.0,1.0
S2.253A,ISAEV,Kerosene,,,93.0,251.0,78.0,1.0
S5.2,ISAEV,Kerosene,,,131.2,258.0,,
Abid,IQ,Kerosene,,,130.0,,,1.0
LR59-AJ-13,AJGC,Gasoline/UDMH,,,133.0,,4.0,1.0
TD-2,KPA,Kerosene,,,250.0,,120.0,1.0
RD-214 Early,EMASH,Kerosene,,,625.0,210.0,,4.0
S2.1100,ISAEV,Kerosene T-1,,,673.0,,,4.0
RD-214,EMASH/PERM,Kerosene,,,730.0,264.0,,4.0
,,,,,,,,
,,,,,,,,
Sprite,DEHAVE,Kerosene,,,22.2,,,1.0
AR2-3,RDYNE,Kerosene JP-4,,,31.0,245.0,,1.0
BS.605,BSELC,Kerosene,,,35.6,,,
Spectre,DEHAVE,Kerosene,,,35.6,,,1.0
Gamma 2,BSELC,Kerosene,,,68.2,251.0,113.0,2.0
Gamma 201,BSELC,Kerosene,,,71.2,226.9,,4.0
Gamma 301,BSELC,Kerosene,,,96.1,249.7,,4.0
Stentor 101,ASID,Kerosene,,,112.0,,,1.0
Mockingbird,OSCC,Kerosene,,,165.0,,72.0,1.0
Gamma 8,BSELC,Kerosene,,,234.8,265.0,142.0,8.0
YF-85,TIANJ,Kerosene,,,4000.0,,,1.0
,,,,,,,,
,,,,,,,,
Veronique,LRBA,Diesel oil,,,40.0,,,1.0
Veronique AGI,LRBA,Turpentine,,1900.0,40.0,,49.0,1.0
Veronique 61,LRBA,Turpentine,,,60.0,,,1.0
Vesta,LRBA,Turpentine,,7900.0,140.0,,56.4,1.0
Vexin,LRBA,Turpentine,,25500.0,274.0,,93.0,1.0
,,,,,,,,
DS,MITT,N2,,,UNK,,210.0,1.0
,,,,,,,,
,,,,,,,,
,,,,,,,,
,,,,,,,,
MR-111,RRC,Hydrazine,,,0.0,229.0,,1.0
MR-103,RRC,Hydrazine,,,0.0,227.0,,1.0
MR-50,RRC,Hydrazine,,,0.0,228.0,,1.0
MR-106,RRC,Hydrazine,,,0.0,232.0,,1.0
MR-125,RRC,Hydrazine,,,0.1,,30.0,1.0
MR-107,RRC,Hydrazine,,,0.2,236.0,550.0,1.0
MR-104,RRC,Hydrazine,,,0.4,239.0,,1.0
MR-104H,RRC,Hydrazine,,,0.8,,,1.0
REA 20-4,HASTD,Hydrazine,,,0.5,,,1.0
EPBS,JAXA,Hydrazine,,,0.4,215.0,,1.0
,,,,,,,,
,,,,,,,,
KZ1-4,ARMT,MMH,,,,,,1.0
R-6C,MARQ,MMH,,,0.0,,,1.0
TR-500,TRW,N2H4,,,0.0,,,1.0
SE5-2,RDYNE,N2H4/MMH,,,0.2,272.0,,2.0
Draco,SPXTX,MMH,,,0.4,,600.0,1.0
NRL-US,NRL,MMH,,,0.4,,,1.0
S-400-12,ASTL,MMH/,,,0.4,318.0,,1.0
S-400-15,ASTL,MMH/,,,0.4,321.0,,1.0
ISRO-LAM,VSSC,MMH,,,0.4,,,1.0
ISPS,TRW,USO,,,0.4,272.0,,1.0
TR-306,TRW,N2H4,,,0.4,315.0,,1.0
TD-339,RMD,MMH-H2O,3.0,,0.4,287.0,,1.0
TR-308,TRW,N2H4,,,0.4,322.0,0.0,1.0
R-4D-11,PRIMX,MMH,,20000.0,0.4,315.5,,1.0
FY-25,SLREC,MMH,,,0.4,308.9,,1.0
TQS492-2,SISP,MMH,,15000.0,0.4,315.1,,1.0
EAM,ASTL,MMH/,,,0.5,325.0,,1.0
HBT-5,IHI,MMH,,,0.5,322.0,,1.0
BT-4,IHI/OSCD,N2H4,,,0.5,329.6,,1.0
Leros 1,RPEW,N2H4,,,0.5,314.0,,1.0
500N AKE,IHI,MON-3,,,0.5,319.5,,1.0
Leros 1b,RPEW,N2H4,,,0.6,318.0,,1.0
BUS-1 OAT,TRW,MMH,,,1.1,,,1.0
RS-2101A,RDYNE,MMH,,,1.3,283.0,,1.0
RS-2101C,RDYNE,MMH,,,1.3,294.0,,1.0
RS-14,RDYNE,MMH,,,1.4,287.8,,1.0
UPS,IHI/NASDA,N2H4,,,1.7,321.4,,1.0
Edge,XIDO,Hydrazine,,,2.0,,655.0,1.0
SICBM4,RDYNE,MMH,,,2.0,,,1.0
LVS,VSSC,MMH,,3200.0,7.4,308.0,,1.0
LR101-NA-7,RDYNE,MMH,,,5.2,251.0,,1.0
RS-34,RDYNE,MMH,,,11.8,308.0,168.0,1.0
OMS,AJGC,MMH,,,26.7,316.0,90.0,1.0
Aestus,ASTO,MMH,,,29.0,324.0,,1.0
MMBPS,TRW,MMH,,,40.0,,,1.0
RS-36,RDYNE,MMH,,,55.6,281.0,,1.0
Super Draco,SPXTX,MMH,,,71.0,235.0,25.0,1.0
,,,,,,,,
DST-100,KHMM,UDMH,,,0.1,276.0,,1.0
DST-100A,KHMM,UDMH,,,0.1,304.0,,1.0
RDMT-100,NIIM,UDMH,,,0.1,260.0,,1.0
11D428,KHMM,UDMH,,,0.1,,,1.0
11D428A,KHMM,UDMH,,,0.1,291.0,,1.0
RDMT-135,NIIM,UDMH,,,0.1,260.0,,1.0
DST-200,KHMM,UDMH,,,0.2,280.0,,1.0
DST-200A,KHMM,UDMH,,,0.2,300.0,,1.0
RDMT-200,NIIM,UDMH,,,0.2,255.0,,1.0
LK/LOK-40,UNK,UDMH,,,0.3,,,1.0
11D458,KHMM,UDMH,,,0.3,252.0,,1.0
RDMT-400,NIIM,UDMH,,,0.4,255.0,,1.0
DMT-600,KHMM,UDMH,,,0.6,301.0,,1.0
PDV-ASAT,DRDO,UDMH,,,,,,1.0
S5.120,ISAEV,UDMH,,,,304.0,,1.0
OS-M St 4,LYK,UDMH,,,,,,1.0
RD-869,YUZH,UDMH,,,2.4,315.5,,1.0
RD-843,YUZH,UDMH,,,2.4,315.5,,1.0
RD-868P,YUZH,UDMH,,,2.4,315.5,,1.0
Volga,PROG,UDMH,,,2.9,307.0,,1.0
SSQ Engine,ARMT,UDMH,,,3.0,308.0,360.0,1.0
KRD-79,ISAEV,UDMH,,,3.0,,,1.0
KDU-426,ISAEV,UDMH,,,3.0,292.0,,1.0
KTDU-417 verniers,ISAEV,UDMH,,,3.4,253.8,30.0,2.0
RD-0225,KBKHA,UDMH,,,3.9,287.0,,1.0
Polyot,ISAEV,UDMH,,,3.9,,,1.0
KRD-442,ISAEV,UDMH,,,4.1,,,1.0
RD-0237,KBKHA/YKVZ,UDMH,,,4.9,200.0,,1.0
RD-866,YUZH,UDMH,,,5.2,306.0,,1.0
NII-612,UNK,UDMH,,,6.0,286.0,,1.0
KTDU-80,ISAEV,UDMH,,,6.2,302.0,,1.0
YF-50D,CALT,UDMH,,,6.5,315.3,,1.0
LE-3 (T),STA,UDMH,,,10.0,,,1.0
YF-23,SLREC,UDMH,,,11.8,296.0,347.0,1.0
RS-18,RDYNE,AZ-50,,,15.6,309.9,,1.0
RD-0236,KBKHA/KOKT,UDMH,,,15.8,293.0,,4.0
11D416,ISAEV,UDMH,,,16.4,,,1.0
RD 15A18-BR,UNK,UDMH,,,18.6,,600.0,1.0
KRD-61,ISAEV,UDMH,,,18.8,313.0,53.0,1.0
KTDU-417,ISAEV,UDMH,,,18.9,314.0,650.0,1.0
KTDU-425,ISAEV,UDMH,,,18.9,312.0,,1.0
KTDU-425A,ISAEV,UDMH,,,18.9,315.0,,1.0
S5.98M,ISAEV,UDMH,,,19.6,326.0,0.0,1.0
S5.92,KHMM,UDMH,,20000.0,19.6,330.0,0.0,1.0
S5.92 (A),KHMM,UDMH,,20000.0,19.9,333.4,350.0,1.0
S5.98,KHMM,UDMH,,,19.6,331.9,200.0,1.0
RD-858,YUZH,UDMH,,,20.1,315.0,,1.0
RD-864,YUZH,UDMH,,,20.2,309.0,,1.0
RD-859,YUZH,UDMH,,,20.1,312.0,,1.0
Astris,MBB,AZ-50,,,22.5,297.0,361.0,1.0
RD-0231,KBKHA,UDMH,,,29.0,275.0,,1.0
17D61,KHMM,UDMH,,,29.4,307.9,600.0,1.0
11D430,KHMM,UDMH,,,29.4,307.0,,1.0
RD-0207,KBKHA,UDMH,,,30.9,297.0,,1.0
RD-0214,KBKHA,UDMH,,,31.0,293.0,,1.0
S5.51,ISAEV,UDMH,,,33.2,314.0,,1.0
AJ10-138,AJGC,AZ-50,,,35.6,311.0,440.0,1.0
AJ10-138A,AJGC,AZ-50,,,35.6,309.3,,1.0
AJ10-138 (early),AJGC,AZ-50,,,35.6,302.0,430.0,1.0
AJ10-118F,AJGC,AZ-50,,,41.4,280.0,,1.0
TR-201,TRW,AZ-50,,,41.9,301.3,,1.0
AJ10-118K,AJGC,AZ-50,,,43.7,319.2,431.0,1.0
11D79,SOYUZ,UDMH,,,44.0,295.0,,1.0
AJ10-118FJ,AJGC,AZ-50,,,44.1,319.2,430.0,1.0
YF-40,CALT,UDMH,,,49.0,295.0,,1.0
YF-40A,CALT,UDMH,,,49.0,295.0,,1.0
LE-3,MHIME,AZ-50,,,54.0,285.0,250.0,1.0
RD-856,YUZH,UDMH,,,54.2,281.0,,1.0
Coralie,LRBA,UDMH,,,67.0,281.0,105.0,1.0
Vexin A,LRBA,UDMH,,,68.6,277.0,,1.0
Super Draco,SPXTX,MMH,,,73.0,235.0,25.0,1.0
RD-854,YUZH,UDMH,,,75.0,312.0,,1.0
Vexin B,LRBA,UDMH,,,75.4,251.0,,1.0
RD-0221,KBKHA,UDMH,,,78.0,330.0,,1.0
RD-861,YUZH/YUZHM,UDMH,,,78.7,314.4,130.0,1.0
RD-861K,YUZH/YUZHM,UDMH,,,77.6,330.0,470.0,1.0
YF-40,SLREC,UDMH,,,98.1,303.0,303.0,1.0
Vexin C,LRBA,UDMH,,,99.1,251.0,,1.0
RD R-29RM St 2,UNK,UDMH,,,100.0,,94.0,1.0
RD R-29 St 2,UNK,UDMH,,,100.0,,94.0,1.0
RD R-29RM St 3,UNK,UDMH,,,100.0,,87.0,1.0
8D725,EMASH,UDMH,,,117.0,325.0,,1.0
RD-0242,KBKHA,UDMH,,,123.6,303.0,,1.0
V-825,KLIMOV,UDMH,,,131.0,,40.0,1.0
15D13,KLIMOV,UDMH,,,131.0,325.0,,1.0
5D22,KLIMOV,UDMH,,,131.0,,40.0,1.0
51T6B ZhRD,KLIMOV,UDMH,,,131.0,,40.0,1.0
A-350 Sustainer,KLIMOV,UDMH,,,131.0,,40.0,1.0
RD-862,YUZH,UDMH,,,142.6,331.0,,1.0
RD-857,YUZH,UDMH,,,147.0,330.0,215.0,1.0
15D169,YUZH,UDMH,,,147.0,330.0,,
Topaze,SEP,UDMH,,,150.0,260.0,40.0,1.0
11D49,KHMM,UDMH,,,157.5,303.0,335.0,1.0
RD-0245,KBKHA,UDMH,,,211.0,300.0,,1.0
RD-0216,KBKHA/PERM,UDMH,,,219.0,313.0,,1.0
RD-0217,KBKHA/PERM,UDMH,,,219.0,313.0,,1.0
RD-0235,KBKHA/KOKT,UDMH,,,240.0,320.0,,1.0
4D10,ISAEV,UDMH,,,255.0,,128.0,1.0
KPN-4D10,ISAEV,UDMH,,,255.0,,128.0,1.0
RD-863,YUZH,UDMH,,,276.8,301.0,,1.0
RD-855,YUZH,UDMH,,,285.4,292.0,,1.0
HS-15,KPA,UDMH,,,350.0,,,1.0
Valois,LRBA,UDMH,,39000.0,415.0,265.0,119.0,1.0
LR91,AJGC,AZ-50,,,440.0,316.0,182.0,1.0
LR91AJ5,AJGC,AZ-50,,,440.0,316.0,182.0,1.0
LR91AJ9,AJGC,AZ-50,,,440.0,316.0,182.0,1.0
Hwasong-12,KPA,UDMH,,,470.0,,128.0,1.0
LR91AJ11,AJGC,AZ-50,,,472.2,316.0,223.0,1.0
LR91AJ11A,AJGC,AZ-50,,,472.2,316.0,223.0,1.0
RD-0233,KBKHA,UDMH,,,520.0,310.0,,1.0
15D14,KLIMOV,UDMH,,,,,,1.0
RD-0203,KBKHA,UDMH,,,560.0,,,1.0
RD-0204,KBKHA,UDMH,,,560.0,,,1.0
RD-0206,KBKHA,UDMH,,,590.0,,,1.0
RD-0210,KBKHA,UDMH,,,582.5,326.5,210.0,1.0
RD-0211,KBKHA,UDMH,,,582.5,326.5,210.0,1.0
RD-0213,KBKHA,UDMH,,,583.0,326.5,230.0,1.0
Viking V,SEP,UDMH,,,693.0,280.6,142.0,1.0
YF-20,SLREC,UDMH,,,696.0,289.0,128.0,4.0
YF-25,SLREC,UDMH,,,696.0,289.0,128.0,4.0
Viking IV,SEP,UDMH,,,713.0,295.6,136.0,1.0
YF-23,SLREC,UDMH,,,716.0,286.9,117.4,1.0
Vikas,VSSC,UDMH,,109000.0,724.0,293.0,158.0,1.0
YF-20B,SLREC,UDMH,,,740.0,289.0,166.0,4.0
YF-21,SLREC,UDMH,,,740.4,260.7,122.0,1.0
YF-22,SLREC,UDMH,,,742.0,298.0,109.0,1.0
YF-22B,SLREC,UDMH,,,742.0,287.6,126.8,1.0
YF-22B',SLREC,UDMH,,,742.0,298.0,126.8,1.0
RD-0228,KBKHA,UMDH,,,755.0,,153.0,1.0
Viking VC,SEP,UDMH UH25,,,758.5,278.4,205.0,1.0
Viking VI,SEP,UDMH UH25,,,758.5,278.0,140.0,1.0
RD-0255,KBKHA,UDMH,,,760.0,,153.0,1.0
RD-0256,KBKHA,UDMH,,,760.0,,153.0,1.0
Viking IVB,SEP,UDMH UH25,,,785.0,293.5,126.0,1.0
Vikas 4B,VSSC,UDMH,,,799.0,281.0,200.0,1.0
RD-0244,KBKHA/KRAS,UDMH,,,825.8,300.0,79.0,1.0
HTVE,VSSC,UDMH,,,846.8,281.0,200.0,1.0
RD-250,EMASH,UDMH,,,882.0,269.6,120.0,2.0
RD-252,EMASH,UDMH,,,902.0,317.6,160.0,2.0
RD-262,EMASH,UDMH,,,941.0,318.0,160.0,2.0
LR87AJ5,AJGC,AZ-50,,,1045.0,296.0,147.0,1.0
RD-263,EMASH/YUZHM,UDMH,,,1131.0,,98.0,1.0
LR87,AJGC,AZ-50,,,1226.0,304.0,164.0,1.0
LR87AJ9,AJGC,AZ-50,,,1226.0,304.0,164.0,1.0
LR87AJ11,AJGC,AZ-50,,,1226.0,304.0,164.0,1.0
LR87AJ11A,AJGC,AZ-50,,,1226.0,302.0,164.0,1.0
RD-268,EMASH,UDMH,,,1236.0,319.0,,1.0
RD-273,EMASH,UDMH,,,1239.0,,98.0,1.0
RD-253,EMASH/PERM,UDMH,,,1635.0,316.0,120.0,1.0
RD-253 14D14,EMASH/PERM,UDMH,,,1750.0,316.0,120.0,1.0
RD-275,EMASH/PERM,UDMH,,,1745.0,317.0,130.0,1.0
RD-251,EMASH/YUZHM,UDMH,,,2643.0,301.0,120.0,1.0
RD-261,EMASH/YUZHM,UDMH,,,3032.0,270.0,120.0,2.0
,,,,,,,,
RD-119,EMASH/KRAS,UDMH,,,105.0,352.0,,1.0
Redstone A-7,ABMA,Hydyne,,58000.0,416.2,265.0,155.0,1.0
RD-112,EMASH,UDMH,,,1089.0,344.0,,1.0
RD-113,EMASH,UDMH,,,1138.0,360.0,,1.0
RD-114,EMASH,UDMH,,,1653.0,341.0,,1.0
RD-115,EMASH,UDMH,,,1726.0,357.0,,1.0
,,,,,,,,
,,,,,,,,
MX-774,RMI,Alcohol,,,9.0,,75.0,1.0
Momo,IST,Ethanol,,,12.0,,100.0,1.0
Xaero,MASTEN,Alcohol,,,13.2,,,1.0
STIG-B,ARMAD,Ethanol,,,22.5,200.0,50.0,1.0
STIG-A,ARMAD,Ethanol,,,22.5,200.0,50.0,1.0
SARGE,EXOSA,Ethanol,,,24.1,200.0,60.0,1.0
Hermes A-1,GEMTS,Alcohol,,,71.0,,,1.0
Hermes A-3A,GEMTS,Alcohol,,,80.0,242.0,,1.0
NRL Viking,RMI,Alcohol,,,93.5,195.0,70.0,1.0
Hermes A-3B,GEMTS,Alcohol,,,100.0,242.0,,1.0
RD-100,EMASH,Alcohol,,,307.0,206.0,63.0,1.0
A-4,HVP,Alcohol,,,312.0,203.0,68.0,1.0
XLR-43-NA-1,NAADR,Alcohol,,,333.0,,,1.0
DF-1,CALT,Alcohol,,,363.0,210.0,,1.0
RD-101,EMASH/YUZHM,Alcohol,,,363.0,210.0,,1.0
RD-103,EMASH/YUZHM,Alcohol,,,500.0,220.0,,1.0
RD-103M,EMASH/YUZHM,Alcohol,,,500.0,220.0,,1.0
XLR-83-NA-1,NAADR,Alcohol,,,602.0,273.0,,1.0
,,,,,,,,
,,,,,,,,
,,,,,,,,
XLR-11,RMI,Ammonia,,,36.0,,100.0,4.0
XLR-99,RMD,Ammonia,,,257.0,276.0,100.0,1.0
,,,,,,,,
Curie,RLABU,RL Green Prop,,,0.1,303.0,,1.0
GR-1,RDYNE,NH3OHNO3 AF-M315E,,,,,,
,,,,,,,,
ROKETSAN-SR-0.1,ROKSN,Kero,,,,,,
BW1-2,PERI,Methane LNG,,,,348.0,,1.0
BW1-1,PERI,Methane LNG,,,,348.0,150.0,1.0
PWR35M,PWRD,Methane,,,,,,1.0
JD-1,XJRY,Methane LNG,,,150.0,355.0,,1.0
TQ-11,LANDSP,Methane,,,658.0,,,1.0
TQ-12,LANDSP,Methane,,,800.0,350.0,,1.0
JD-2,XJRY,Methane LNG,,,1000.0,300.0,,1.0
Raptor SL,SPX,Methane,,,1950.0,,,1.0
Raptor Vac,SPX,Methane,,,2150.0,,,1.0
BE-4,BLORTX,Methane LNG,,,2447.0,,,1.0
,,,,,,,,
Buran UD,OKB1,Kero Sintin,,,4.0,280.0,,1.0
SALVO Ventions,VENT,Kero,,,4.4,,,1.0
XR-5K18,XCOR,Kero,,,12.9,,,1.0
Astra E1,ASTRV,Kero,,,18.0,,,1.0
Rutherford,RLABU,Kero,,,20.3,311.0,,1.0
Rutherford Vac,RLABU,Kero,,,22.0,343.0,,1.0
NewtonFour,VORB,Kerosene RP-1,,,22.0,,,1.0
Delphin,ASTRV,Kero,,,28.0,,,1.0
Aether,ASTRV,Kero,,,28.0,,,1.0
Kestrel,SPXTX,Kero,,,33.0,317.0,378.0,1.0
RO-5,KBKHA,Kero,,,49.9,316.0,450.0,1.0
RO-7,KBKHA,Kero,,,54.5,323.0,430.0,1.0
S1.5400,OKB1,Kero,,,66.7,340.0,250.0,1.0
KARI-7,KARI,Kero,,,69.0,,,1.0
RD-8,YUZH,Kero,,,78.4,342.0,,1.0
11D58,EMASH,Kero,,,85.0,349.0,600.0,1.0
11D58M,VORO,Kero,,,85.0,352.0,680.0,1.0
11D58M,VORO,Kero Sintin,,,83.5,362.0,680.0,1.0
17D12,VORO,Kero Sintin,,,86.3,362.0,680.0,1.0
X-405,GEMTS,Kero,,,120.0,,144.0,1.0
KSR-III,KARI,Kero,,,126.0,,59.0,1.0
YF-115,TIANJ,Kero,,,176.5,342.0,,1.0
MA-2/S,RDYNE,Kerosene RP-1,,,254.0,213.0,281.0,1.0
MA-3/S,RDYNE,Kerosene RP-1,,,254.0,214.0,,1.0
Fastrac,MSFC,Kerosene RP-1,,,265.0,,,1.0
MA-1/S,RDYNE,Kerosene RP-1,,,267.0,210.0,253.6,1.0
MA-5/S,RDYNE,Kerosene RP-1,,,269.2,220.0,,1.0
RD-0124,KBKHA,Kero,,,294.3,359.0,,1.0
RD-0124A,KBKHA,Kero,,,294.3,359.0,424.0,1.0
RD-0124N,KBKHA,Kero Naphthyl,,,294.3,359.0,,1.0
11D55,KBKHA,Kero RG-1,,,298.0,326.0,250.0,4.0
RD-0110,KBKHA,Kero,,,297.9,325.0,240.0,4.0
RD-0107,KBKHA,Kero,,,297.9,326.0,250.0,4.0
RD-0106,KBKHA,Kero,,,300.0,325.0,140.0,4.0
NewtonThree,VORB,Kerosene RP-1,,,330.0,,,1.0
Merlin 1A,SPXTX,Kero,,,378.0,304.0,169.0,1.0
MA-5A/S,RDYNE,Kerosene RP-1,,,380.6,311.0,274.0,1.0
Merlin 1C,SPXTX,Kero,,,400.0,304.0,169.0,1.0
NK-21,NKE,Kero,,,402.0,353.0,370.0,1.0
NK-31,NKE,Kero,,,402.0,,400.0,1.0
Merlin 1C-Vac,SPXTX,Kero,,,427.0,342.0,169.0,1.0
NK-19,NKE,Kero,,,445.0,353.0,443.0,1.0
G-38,RDYNE,Kero,,,534.0,282.0,,1.0
Merlin 1C+,SPXTX,Kero,,,572.0,304.0,169.0,1.0
Merlin 1D,SPXTX,Kero,,,616.0,304.8,169.0,1.0
S-3D,RDYNE,Kero RP-1,,120100.0,667.0,247.0,180.0,1.0
MB-3,RDYNE,Kero RJ-1,,116000.0,710.0,,160.0,1.0
Merlin 1D-FT,SPXTX,Kero,,,720.0,304.8,169.0,1.0
H-1,RDYNE,Kero,,,721.0,263.0,115.0,1.0
KARI-75,KARI,Kero RP-1,,,747.3,298.0,150.0,1.0
RZ.2,RROY,Kero,,,756.0,248.0,146.0,1.0
MB-3-2,RDYNE,Kero RJ-1,,,760.0,,170.0,1.0
MB-3-3,RDYNE,Kero RJ-1,,,779.0,,170.0,1.0
MB-3 DM-21,RDYNE,Kero RJ-1,,,779.0,,170.0,1.0
Merlin 1D-4,SPXTX,Kero,,,780.0,304.8,169.0,1.0
Merlin 1D-Vac,SPXTX,Kero,,,801.0,345.0,372.0,1.0
RD-120,EMASH/YUZHM,Kero,,,834.0,350.0,,1.0
Merlin 1D-5,SPXTX,Kero,,,845.0,304.8,169.0,1.0
8D75PS,EMASH,Kero T-1,,,941.0,308.0,340.0,4.0
8D75,EMASH,Kero T-1,,,941.0,308.0,340.0,4.0
8D727,EMASH,Kero T-1,,,833.0,308.0,340.0,4.0
8D74PS,EMASH,Kero T-1,,,1000.0,306.0,146.0,4.0
8D74,EMASH,Kero T-1,,,1000.0,256.0,140.0,4.0
8D728,EMASH,Kero T-1,,,921.0,257.0,140.0,4.0
11D511,EMASH,Kero T-1,,,978.0,316.0,290.0,4.0
RD-107,EMASH/MOTOS,Kero T-1,,,991.7,310.0,120.0,4.0
RD-108,EMASH/MOTOS,Kero T-1,,,997.1,311.0,286.0,4.0
11D512,EMASH,Kero T-1,,,1000.0,314.5,120.0,4.0
RD-108PF,EMASH,Kero Sintin,,,1009.4,311.0,286.0,4.0
RD-107A,EMASH,Kero T-1,,,1000.0,310.0,120.0,4.0
RD-108A,EMASH,Kero T-1,,,1000.0,311.0,286.0,4.0
RS-27,RDYNE,Kerosene RP-1,,,1023.0,295.0,274.0,1.0
RS-27A,RDYNE,Kerosene RP-1,,,1086.0,302.0,261.0,1.0
YF-100,TIANJ,Kero,,,1200.0,305.0,155.0,1.0
MA-1/B-A,RDYNE,Kerosene RP-1,,,1210.0,245.0,125.0,2.0
MA-1/B,RDYNE,Kerosene RP-1,,,1335.0,245.0,128.0,2.0
RD-111 (1),EMASH,Kero,,,1373.0,327.0,,4.0
MA-2/B,RDYNE,Kerosene RP-1,,,1375.0,248.0,135.0,2.0
RD-111,EMASH,Kero,,,1381.0,312.0,108.0,4.0
MA-3/B,RDYNE,Kerosene RP-1,,,1468.0,250.0,,2.0
NK-33,NKE,Kero,,,1510.0,,110.0,1.0
AJ26-62,AJ/NKE,Kero,,,1510.0,,,2.0
RD-151,EMASH,Kero,,,1670.0,337.0,229.0,1.0
MA-5/B,RDYNE,Kerosene RP-1,,,1677.0,259.0,,2.0
NK-15,NKE,Kero,,,1677.0,284.0,125.0,1.0
NK-43,NKE,Kero,,,1750.0,,130.0,1.0
NK-15V,NKE,Kero,,,1755.0,346.0,120.0,1.0
RD-181,EMASH,Kerosene RP-1,,,1922.0,311.9,,1.0
NK-33A,NKE,Kero,,,1962.0,331.2,,1.0
MA-5A/B,RDYNE,Kerosene RP-1,,,2065.0,293.4,165.0,2.0
RD-191,EMASH,Kero,,,2079.0,337.0,150.0,1.0
RD-180,EMASH,Kerosene RP-1,,,4152.0,337.8,190.0,2.0
F-1,RDYNE,Kerosene RP-1,,,6680.0,260.0,,1.0
RD-170,EMASH,Kero,,,7908.0,337.0,,4.0
RD-171,EMASH,Kero,,,7908.0,337.0,,4.0
,,,,,,,,
,,,,,,,,
YF-73,SLREC,LH2,,,44.1,425.0,800.0,4.0
HM-7,SEP,LH2,,,61.7,442.6,510.1,1.0
HM-7B,SEP,LH2,,,64.8,445.1,745.0,1.0
RL10,PWFL,LH2,,,66.7,433.0,470.0,1.0
RL10A-1,PWFL,LH2,,,66.7,425.0,430.0,1.0
RL10A-3,PWFL,LH2,,,65.6,444.0,470.0,1.0
ICE,ISRO,LH2,,,69.5,452.0,720.0,1.0
RL10A-3A,PWFL,LH2,,,73.4,444.0,550.0,1.0
RL10A-3-3A,PWFL,LH2,,,73.4,444.0,550.0,1.0
KVD-1M,KHMM,LH2,,,75.0,460.0,675.0,1.0
YF-75,SLREC,LH2,,,78.5,440.0,470.0,1.0
YF-75D,SLREC,LH2,,,88.3,442.0,700.0,1.0
RL10A-4,PWFL,LH2,,,92.6,449.0,370.0,1.0
RL10A-4-1,PWFL,LH2,,,99.2,450.5,370.0,1.0
RL10A-4-1B,PWFL,LH2,,,99.2,450.5,370.0,1.0
RL10A-4-2,PWFL,LH2,,,99.2,451.0,370.0,1.0
LE-5,MHIME,LH2,,,107.0,448.0,370.0,1.0
RL10B-2,PWFL,LH2,,,110.1,465.5,700.0,1.0
RL10C-1,PWFL,LH2,,,101.8,449.7,700.0,1.0
RL10C-2,PWFL,LH2,,,110.0,462.5,700.0,1.0
RL10CX,PWFL,LH2,,,120.0,462.5,700.0,1.0
LE-5A,MHIME,LH2,,,122.0,452.0,600.0,1.0
LE-5B,MHIME,LH2,,,137.0,447.0,530.0,1.0
CE-20,VSSC,LH2,,,186.0,443.0,550.0,1.0
BE-3 (BLOR),BLOR,LH2,,,490.0,,145.0,1.0
YF-77,CALT,LH2,,,673.0,438.0,500.0,1.0
J-2,RDYNE,LH2,,,1023.0,427.0,,1.0
LE-7,MHIME,LH2,,,1080.0,445.6,346.0,1.0
LE-7A,MHIME,LH2,,,1100.0,440.0,390.0,1.0
Vulcain,SEP,LH2,,,1114.0,430.0,589.0,1.0
Vulcain 2,SEP,LH2,,,1300.0,434.0,589.0,1.0
J-2X,PWRD,LH2,,,1308.0,448.0,465.0,1.0
RD-0120,KBKHA,LH2,,,1961.0,455.0,480.0,1.0
SSME,RDYNE,LH2,,,2100.0,452.5,516.0,1.0
RS-68,RDYNE,LH2,,,2950.0,409.0,,1.0
RS-68A,RDYNE,LH2,,,3124.0,414.0,,1.0
,,,,,,,,
,,,,,,,,
,,,,,,,,
PPS-1350,SEPVR,Xe,,,92.0E-6,1800.0,,1.0
PPS-5000,SNECMS,Xe,,,0.5E-3,2000.0,,1.0
XIPS-25,L3HED,Xe,,,0.1E-3,3550.0,,1.0
NSTAR-30,L3HED,Xe,,,0.1E-3,3550.0,,1.0
Starlink Kr EPS,SPXS,Kr,,,,,,1.0
