name,manufacturer,min_stage,max_stage,length,diameter,launch_mass,TO_thrust,class
N-1 11A52,OKB1,1.0,3.0,105.3,14.0,2788.0,45300.0,O
Saturn V,MSFC,1.0,4.0,110.6,10.06,2913.0,34030.0,O
Starship V1.0,SPX,1.0,1.0,50.0,9.0,1470.0,12000.0,R
Starship V1.0/Super Heavy,SPX,1.0,2.0,118.0,9.0,5020.0,72500.0,O
Space Shuttle,RWI,1.0,3.0,38.1,8.4,2040.0,28200.0,O
Energiya,NPOE,0.0,1.0,58.7,7.75,2524.0,35139.0,O
Energiya/Buran,NPOE,0.0,1.0,58.7,7.75,2524.0,35139.0,O
UR-500,KHRU,1.0,2.0,39.0,7.4,595.0,9500.0,O
UR-500K,KHRU,1.0,3.0,50.0,7.4,694.0,9500.0,O
UR-500K/Blok D,KHRU,1.0,6.0,55.4,7.4,691.5,9500.0,O
Proton-K,KHRU,1.0,3.0,50.0,7.4,694.0,9500.0,O
Proton-K/D,KHRU,1.0,6.0,55.4,7.4,691.5,9500.0,O
Proton-K/D-1,KHRU,1.0,6.0,55.4,7.4,691.5,9500.0,O
Proton-K/D-2,KHRU,1.0,6.0,55.4,7.4,691.5,9500.0,O
Proton-K/DM,KHRU,1.0,6.0,57.2,7.4,691.5,9500.0,O
Proton-K/DM-2,KHRU,1.0,6.0,57.2,7.4,691.5,9500.0,O
Proton-M/DM-2,KHRU,1.0,6.0,53.0,7.4,712.8,10000.0,O
Proton-M/DM-3,KHRU,1.0,6.0,53.0,7.4,712.8,10000.0,O
Proton-K/DM-2M,KHRU,1.0,6.0,57.2,7.4,691.5,9500.0,O
Proton-K/17S40,KHRU,1.0,6.0,57.2,7.4,691.5,9500.0,O
Proton-K/Briz-M,KHRU,1.0,4.0,53.0,7.4,700.0,9500.0,O
Proton-M/Briz-M,KHRU,1.0,4.0,53.0,7.4,712.8,10000.0,O
Saturn C-1,MSFC,1.0,3.0,49.6,6.6,420.0,5768.0,O
Saturn I,MSFC,1.0,3.0,50.4,6.6,420.0,5768.0,O
Saturn IB,MSFC,1.0,2.0,68.1,6.53,587.3,7290.0,O
Uprated Saturn I,MSFC,1.0,2.0,68.1,6.53,587.3,7290.0,O
ATB,RSLP,1.0,1.0,16.0,5.5,140.6,1711.0,T
Ariane 5G,EADSL,0.0,2.0,45.7,5.4,746.0,11400.0,O
Ariane 5G+,EADSL,0.0,2.0,45.7,5.4,746.0,11400.0,O
Ariane 5GS,EADSL,0.0,2.0,45.7,5.4,746.0,11400.0,O
Ariane 5ES/ATV,EADSL,0.0,2.0,45.7,5.4,746.0,11400.0,O
Ariane 5ES,EADSL,0.0,2.0,45.7,5.4,746.0,11400.0,O
Ariane 5ECA,EADSL,0.0,2.0,57.7,5.4,780.0,11400.0,O
Ariane 5ECA+,EADSL,0.0,2.0,57.7,5.4,780.0,11400.0,O
H-IIB,JAXA,0.0,2.0,56.6,5.2,551.0,9000.0,O
Chang Zheng 5,CALT,0.0,2.0,59.5,5.0,643.0,1180.0,O
Chang Zheng 5B,CALT,0.0,1.0,59.5,5.0,643.0,1180.0,O
Chang Zheng 5/YZ-2,CALT,0.0,3.0,59.5,5.0,643.0,1180.0,O
Delta 4H,BOHB,0.0,2.0,70.7,5.0,733.4,8674.0,O
Delta 4H/Star 48BV,BOHB,0.0,3.0,70.7,5.0,733.4,8674.0,O
Delta 4M,BOHB,1.0,2.0,63.0,5.0,249.5,2891.0,O
"Delta 4M+(4,2)",BOHB,0.0,2.0,66.2,5.0,292.7,4200.0,O
"Delta 4M+(5,4)",BOHB,0.0,2.0,70.7,5.0,404.6,5860.0,O
"Delta 4M+(5,2)",BOHB,0.0,2.0,70.7,5.0,404.6,5860.0,O
DC-XA,MDAC,1.0,1.0,12.6,4.95,19.0,242.0,T
DC-X,MDAC,1.0,1.0,12.6,4.95,18.8,242.0,T
H-II,MHITO,0.0,2.0,49.0,4.0,260.0,3960.0,O
H-IIA 202,NASDA,0.0,2.0,53.0,4.0,285.0,5600.0,O
H-IIA 204,NASDA,0.0,2.0,53.0,4.0,285.0,5600.0,O
H-IIA 2022,NASDA,-1.0,2.0,57.0,4.0,348.0,8580.0,O
H-IIA 2024,NASDA,-1.0,2.0,57.0,4.0,348.0,8580.0,O
GSLV Mk III,ISRO,0.0,2.0,42.4,4.0,629.0,,O
Little Joe II,GDA,0.0,1.0,26.2,3.96,26.2,1482.0,T
Antares 110,OSCW,1.0,2.0,40.5,3.9,282.0,3631.0,O
Antares 120,OSCW,1.0,2.0,40.5,3.9,282.0,3631.0,O
Antares 130,OSCW,1.0,2.0,40.5,3.9,282.0,3631.0,O
Antares 230,OSCW,1.0,2.0,42.5,3.9,290.0,3844.0,O
Antares 230+,OSCW,1.0,2.0,42.5,3.9,290.0,3844.0,O
Zenit-2,YUZH,1.0,2.0,57.0,3.9,459.0,7259.0,O
Zenit-2M,YUZH,1.0,2.0,57.0,3.9,459.0,7259.0,O
Zenit-2 11K77.05,YUZH,1.0,2.0,57.0,3.9,459.0,7259.0,O
Zenit-3SL,YUZH,1.0,3.0,59.6,3.9,471.0,7259.0,O
Zenit-2SB,YUZH,1.0,2.0,59.6,3.9,471.0,7259.0,O
Zenit-3F,YUZH,1.0,3.0,59.0,3.9,471.0,7259.0,O
Zenit-3SLB,YUZH,1.0,3.0,59.6,3.9,471.0,7259.0,O
Zenit-3SLBF,YUZH,1.0,3.0,59.6,3.9,471.0,7259.0,O
Atlas V 401,LMA,1.0,2.0,58.3,3.8,334.5,3800.0,O
Atlas V 411,LMA,0.0,2.0,58.3,3.8,386.8,,O
Atlas V 421,LMA,0.0,2.0,58.3,3.8,433.8,,O
Atlas V 431,LMA,0.0,2.0,59.1,3.8,479.7,,O
Atlas V 501,LMA,1.0,2.0,58.3,3.8,334.5,,O
Atlas V 521,LMA,0.0,2.0,59.7,3.8,433.5,6520.0,O
Atlas V 531,LMA,0.0,2.0,60.0,3.8,479.7,,O
Atlas V 541,LMA,0.0,2.0,60.0,3.8,479.7,,O
Atlas V 551,LMA,0.0,2.0,59.7,3.8,573.2,,O
Atlas V N22,LMA,0.0,2.0,52.4,3.8,444.2,,O
Ariane 1,AELM,1.0,3.0,47.4,3.8,210.0,2462.0,O
Ariane 2,AELM,1.0,3.0,49.0,3.8,217.0,2689.0,O
Ariane 3,AELM,0.0,3.0,49.0,3.8,237.0,4021.0,O
Ariane 40,AELM,1.0,3.0,58.4,3.8,243.0,2708.0,O
Ariane 42L,AELM,0.0,3.0,58.4,3.8,363.0,4208.0,O
Ariane 42P,AELM,0.0,3.0,58.4,3.8,320.0,4008.0,O
Ariane 44L,AELM,0.0,3.0,58.4,3.8,470.0,5708.0,O
Ariane 44LP,AELM,-1.0,3.0,58.4,3.8,418.5,5528.0,O
Ariane 44P,AELM,0.0,3.0,58.4,3.8,355.0,5308.0,O
Ares I-X,MSFC,1.0,1.0,100.0,3.77,834.0,0.0,T
LM AS,GRUM,1.0,1.0,2.5,3.76,4.9,,D
Dragon V2,SPX,1.0,1.0,6.1,3.7,4.2,584.0,X
Falcon Heavy,SPX,0.0,2.0,69.2,3.65,1400.0,17000.0,O
Falcon 9,SPX,1.0,2.0,54.9,3.65,333.4,4940.0,O
Grasshopper,SPX,1.0,1.0,34.0,3.65,200.0,540.0,X
Falcon 9R,SPX,1.0,1.0,49.0,3.65,480.0,5886.0,O
X-15,NAA,0.0,1.0,15.3,3.55,14.2,257.0,X
Dong Feng 5,CALT,1.0,2.0,32.6,3.35,183.0,2500.0,M
Dong Feng 5A,CALT,1.0,2.0,32.6,3.35,183.0,2500.0,M
Dong Feng 5C,CALT,1.0,2.0,32.6,3.35,183.0,2500.0,M
Feng Bao 1,SBA,1.0,2.0,32.6,3.35,192.0,2500.0,O
Chang Zheng 2,CALT,1.0,2.0,31.2,3.35,190.0,2786.0,O
Chang Zheng 2C,CALT,1.0,2.0,35.2,3.35,192.0,2962.0,O
Chang Zheng 2C/YZ-1S,CALT,1.0,3.0,41.0,3.35,213.0,2962.0,O
Chang Zheng 2C-III/SD,CALT,1.0,3.0,39.9,3.35,213.0,2962.0,O
Chang Zheng 2D,SAST,1.0,2.0,38.3,3.35,232.0,2962.0,O
Chang Zheng 2D/YZ-3,SAST,1.0,3.0,38.3,3.35,232.0,2962.0,O
Chang Zheng 2E,CALT,0.0,2.0,51.2,3.35,464.0,5923.0,O
Chang Zheng 2F,CALT,0.0,2.0,51.2,3.35,464.0,5923.0,O
Chang Zheng 2FT1,CALT,0.0,2.0,51.2,3.35,480.0,5923.0,O
Chang Zheng 3,CALT,1.0,3.0,43.9,3.35,202.0,2962.0,O
Chang Zheng 3A,CALT,1.0,3.0,52.5,3.35,240.0,2962.0,O
Chang Zheng 3B,CALT,0.0,3.0,54.8,3.35,425.8,5923.0,O
Chang Zheng 3C,CALT,0.0,3.0,54.8,3.35,345.0,4441.0,O
Chang Zheng 3C/YZ-1,CALT,0.0,4.0,54.8,3.35,345.0,4441.0,O
Chang Zheng 3B/YZ-1,CALT,0.0,4.0,54.8,3.35,345.0,4441.0,O
Chang Zheng 6,SAST,1.0,3.0,29.0,3.35,103.0,,O
Chang Zheng 6A,SAST,1.0,2.0,30.0,3.35,103.0,,O
Chang Zheng 7,CALT,0.0,2.0,53.1,3.35,594.0,,O
Chang Zheng 7A,CALT,0.0,3.0,55.0,3.35,615.0,,O
Chang Zheng 7/YZ-1A,CALT,0.0,3.0,53.1,3.35,594.0,,O
Chang Zheng 8,CALT,0.0,2.0,53.1,3.35,594.0,4800.0,O
Chang Zheng 4,SAST,1.0,3.0,42.0,3.35,249.0,2962.0,O
Chang Zheng 4B,SAST,1.0,3.0,43.1,3.35,254.4,2962.0,O
Chang Zheng 4C,SAST,1.0,3.0,43.1,3.35,254.4,2962.0,O
Titan I,MARTD,1.0,2.0,31.0,3.05,105.1,1450.0,M
Titan II,MARTD,1.0,2.0,31.1,3.05,150.0,2000.0,M
Titan II GLV,MARTD,1.0,2.0,32.8,3.05,150.0,2090.0,O
Titan II SLV,MARTD,1.0,2.0,34.6,3.05,155.0,2090.0,O
Titan IIIA,MARTD,1.0,3.0,42.0,3.05,161.7,2300.0,O
Titan IIIB,MMD,1.0,3.0,45.0,3.05,156.5,2300.0,O
Titan IIIC,MMD,0.0,3.0,38.3,3.05,626.2,10600.0,O
Titan IIID,MMD,0.0,2.0,36.0,3.05,613.0,10600.0,O
Titan IIIE,MMD,0.0,3.0,48.8,3.05,633.0,10600.0,O
Titan 23B,MMD,1.0,3.0,45.0,3.05,165.0,2300.0,O
Titan 24B,MMD,1.0,3.0,45.0,3.05,170.0,2410.0,O
Titan 33B,MMD,1.0,3.0,45.0,3.05,185.0,2300.0,O
Titan 34B,MMD,1.0,3.0,45.5,3.05,188.5,2410.0,O
Titan 34D,MMD,0.0,2.0,50.0,3.05,723.5,11280.0,O
Titan 34D/Transtage,MMD,0.0,3.0,50.0,3.05,720.0,11280.0,O
Titan 34D/IUS,MMD,0.0,4.0,52.4,3.05,725.0,11280.0,O
Commercial Titan 3,MMD,0.0,2.0,47.3,3.05,680.0,12450.0,O
Titan 401A/Centaur,LMA,0.0,3.0,63.1,3.05,868.0,14200.0,O
Titan 402A/IUS,LMA,0.0,4.0,54.0,3.05,910.0,14200.0,O
Titan 403A,LMA,0.0,2.0,54.0,3.05,906.0,14200.0,O
Titan 404A,LMA,0.0,2.0,54.0,3.05,906.0,14200.0,O
Titan 405A,LMA,0.0,2.0,54.0,3.05,906.0,14200.0,O
Titan 401B/Centaur,LMA,0.0,3.0,62.2,3.05,939.0,15000.0,O
Titan 402B/IUS,LMA,0.0,4.0,54.0,3.05,925.0,15000.0,O
Titan 403B,LMA,0.0,2.0,54.0,3.05,910.0,15000.0,O
Titan 404B,LMA,0.0,2.0,54.0,3.05,910.0,15000.0,O
Titan 405B,LMA,0.0,2.0,54.0,3.05,910.0,15000.0,O
Blue Streak,ELDO,1.0,1.0,31.7,3.05,100.0,1512.0,X
ELDO A,ELDO,1.0,3.0,31.7,3.05,104.6,1512.0,O
Europa I,ELDO,1.0,3.0,31.7,3.05,104.6,1512.0,O
Europa II,ELDO,1.0,4.0,31.7,3.05,111.7,1512.0,O
Atlas A,GDA,0.0,1.0,22.9,3.05,82.0,1210.0,X
Atlas B,GDA,0.0,1.0,22.0,3.05,112.5,1615.0,O
Atlas C,GDA,0.0,1.0,24.0,3.05,112.5,1615.0,M
Atlas D,GDA,0.0,1.0,24.0,3.05,119.0,1629.0,O
Atlas E,GDA,0.0,1.0,20.0,3.05,121.0,1731.0,O
Atlas F,GDA,0.0,1.0,20.0,3.05,121.0,1731.0,O
Atlas F/Trident,GDA,0.0,2.0,25.0,3.05,130.0,1731.0,M
Atlas E/Trident,GDA,0.0,2.0,25.0,3.05,130.0,1731.0,M
Atlas C Able,GDA,0.0,3.0,28.0,3.05,120.0,1615.0,O
Atlas F/Agena D,GDA,0.0,2.0,34.6,3.05,130.0,1731.0,O
Atlas F/MSD,GDA,0.0,2.0,27.3,3.05,122.0,1731.0,O
Atlas E/MSD,GDA,0.0,2.0,27.3,3.05,122.0,1731.0,O
Atlas E Altair,GDA,0.0,2.0,27.3,3.05,125.0,1731.0,O
Atlas F/OIS,GDA,0.0,2.0,32.1,3.05,120.0,1731.0,O
Atlas E/OIS,GDA,0.0,2.0,28.7,3.05,120.0,1731.0,O
Atlas F/PTS,GDA,0.0,2.0,29.2,3.05,125.0,1731.0,O
Atlas E/SVS,GDA,0.0,3.0,29.2,3.05,125.0,1731.0,O
Atlas F/SVS,GDA,0.0,3.0,29.2,3.05,125.0,1731.0,O
Atlas E/SGS-2,GDA,0.0,3.0,32.1,3.05,125.0,1731.0,O
Atlas SLV-3,GDA,0.0,1.0,21.0,3.05,120.0,1650.0,O
Atlas G Centaur,GDA,0.0,2.0,41.8,3.05,166.1,1987.0,O
Atlas H,GDA,0.0,1.0,27.4,3.05,150.5,1954.0,O
Atlas Able,GDA,0.0,3.0,35.0,3.05,120.0,1629.0,O
Atlas Agena A,GDA,0.0,2.0,30.0,3.05,124.0,1629.0,O
Atlas Agena B,GDA,0.0,2.0,32.1,3.05,130.0,1629.0,O
Atlas Agena D,GDA,0.0,2.0,32.1,3.05,130.0,1590.0,O
Atlas SLV-3 Agena B,GDA,0.0,2.0,32.1,3.05,140.0,1629.0,O
Atlas SLV-3 Agena D,GDA,0.0,2.0,32.1,3.05,140.0,1629.0,O
Atlas SLV-3A Agena D,GDA,0.0,2.0,36.0,3.05,155.0,1700.0,O
Atlas Burner 2,GDA,0.0,2.0,28.9,3.05,130.0,1700.0,O
Atlas Burner 2A,GDA,0.0,3.0,30.0,3.05,130.0,1700.0,O
Atlas Centaur,GDA,0.0,2.0,33.0,3.05,136.1,1629.0,O
Atlas Centaur D,GDA,0.0,2.0,33.0,3.05,136.1,1629.0,O
Atlas SLV-3C Centaur,GDA,0.0,2.0,40.2,3.05,148.4,1700.0,O
Atlas SLV-3D Centaur,GDA,0.0,2.0,40.3,3.05,149.0,1741.0,O
Atlas I,LMA,0.0,2.0,41.8,3.05,166.1,1987.0,O
Atlas II,LMA,0.0,2.0,45.0,3.05,187.0,2140.0,O
Atlas IIA,LMA,0.0,2.0,47.4,3.05,187.5,2140.0,O
Atlas IIAS,LMA,-1.0,2.0,47.4,3.05,237.2,3000.0,O
Atlas 3A,LMA,1.0,2.0,52.8,3.05,225.0,3827.0,O
Atlas 3B,LMA,1.0,2.0,53.6,3.05,225.0,3827.0,O
New Shepard,BLOR,1.0,1.0,15.0,3.0,75.0,1020.0,O
Vega,ELV,1.0,4.0,30.1,3.0,136.7,2974.0,O
R-36,OKB586,1.0,2.0,34.1,3.0,183.9,2360.0,M
R-36 8K67,OKB586,1.0,2.0,34.1,3.0,183.9,2360.0,M
R-36 8K67P,OKB586,1.0,2.0,33.9,3.0,183.9,2360.0,M
R-36 8K67PM,OKB586,1.0,2.0,33.9,3.0,183.9,2360.0,M
R-36 8K67M,OKB586,1.0,2.0,34.6,3.0,185.0,2360.0,M
R-36 8K67MA,OKB586,1.0,2.0,34.6,3.0,185.0,2360.0,M
R-36O 8K69,OKB586,1.0,2.0,35.0,3.0,180.0,2360.0,O
R-36O 8K69M,OKB586,1.0,2.0,35.0,3.0,180.0,2360.0,O
Tsiklon-2A,OKB586,1.0,2.0,39.7,3.0,180.0,2652.0,O
Tsiklon-2,OKB586,1.0,2.0,35.5,3.0,180.0,2652.0,O
Tsiklon-3,YUZH,1.0,3.0,39.3,3.0,190.0,2745.0,O
R-36M 15A14,YUZH,1.0,2.0,33.6,3.0,209.6,4500.0,M
R-36MU 15A18,YUZH,1.0,3.0,34.3,3.0,211.0,4525.0,M
R-36M2 15A18M,YUZH,1.0,3.0,37.0,3.0,211.1,4500.0,M
Dnepr,YUZH,1.0,3.0,34.3,3.0,211.0,4525.0,O
R-16,OKB586,1.0,2.0,34.3,3.0,140.6,2610.0,M
R-16U,OKB586,1.0,2.0,34.3,3.0,140.6,2610.0,M
UR-200,KHRU,1.0,2.0,26.4,3.0,138.0,2001.0,M
R-7,OKB1,1.0,2.0,34.2,2.95,274.3,3904.0,M
R-7A,OKB1,1.0,2.0,31.1,2.95,276.6,4020.0,M
Sputnik 8K71PS,OKB1,1.0,2.0,29.2,2.95,265.0,3904.0,O
Sputnik 8A91,OKB1,1.0,2.0,29.2,2.95,268.6,3806.0,O
Voskhod 11A57,OKB1,1.0,3.0,44.0,2.95,305.1,4054.0,O
Vostok-L 8K72,OKB1,1.0,3.0,33.5,2.95,279.1,3998.0,O
Vostok 8K72,OKB1,1.0,3.0,38.4,2.95,283.5,3998.0,O
Vostok 8K72K,OKB1,1.0,3.0,38.4,2.95,287.0,3998.0,O
Vostok 8A92,OKB1,1.0,3.0,38.4,2.95,285.9,4020.0,O
Vostok 8A92M,PROG,1.0,3.0,38.8,2.95,283.1,4020.0,O
Sputnik 11A59,OKB1,1.0,2.0,34.5,2.95,275.3,4020.0,O
Soyuz 11A510,OKB1,1.0,2.0,37.9,2.95,280.7,4054.0,O
Soyuz 11A511,OKB1,1.0,3.0,50.0,2.95,300.0,4054.0,O
Soyuz 11A511L,PROG,1.0,3.0,50.0,2.95,300.0,4054.0,O
Soyuz 11A511M,OKB1,1.0,3.0,50.0,2.95,300.0,4054.0,O
Soyuz-U,PROG,1.0,3.0,50.7,2.95,310.0,4032.0,O
Soyuz-U-PVB,PROG,1.0,3.0,50.7,2.95,310.0,4032.0,O
Soyuz-U2,PROG,1.0,3.0,50.7,2.95,310.0,4062.0,O
Soyuz-2-1A,PROG,1.0,3.0,50.7,2.95,313.0,4146.0,O
Soyuz-2-1B,PROG,1.0,3.0,50.7,2.95,313.0,4146.0,O
Soyuz-2-1V,PROG,1.0,2.0,41.1,2.95,160.0,,O
Soyuz-ST-A,PROG,1.0,3.0,50.7,2.95,313.0,4146.0,O
Soyuz-ST-B,PROG,1.0,3.0,50.7,2.95,313.0,4146.0,O
Soyuz-FG,PROG,1.0,3.0,46.0,2.95,308.0,4146.0,O
Molniya 8K78,OKB1,1.0,5.0,44.0,2.95,305.5,4020.0,O
Molniya 8K78M,PROG,1.0,5.0,42.8,2.95,305.5,4054.0,O
Molniya 8K78M-PVB,PROG,1.0,5.0,43.4,2.95,305.0,4054.0,O
Angara A5,KHRU,0.0,3.0,42.8,2.9,773.0,2095.0,O
Angara-1.2PP,KHRU,1.0,2.0,42.8,2.9,171.0,2095.0,O
Naro-1,KARI,1.0,2.0,33.5,2.9,140.0,2095.0,O
PSLV,SHAR,0.0,4.0,44.4,2.8,294.0,5290.0,O
PSLV-DL,SHAR,0.0,4.0,44.4,2.8,230.0,4430.0,O
PSLV-XL,VSSC,0.0,4.0,44.4,2.8,230.0,9230.0,O
GSLV Mk I,SHAR,0.0,3.0,49.0,2.8,401.0,7420.0,O
GSLV Mk II,VSSC,0.0,3.0,49.0,2.8,401.0,7420.0,O
R-9A,OKB1,1.0,2.0,24.0,2.68,100.0,1385.0,M
Jupiter IRBM,ABMA,1.0,1.0,18.4,2.67,54.4,667.0,M
Juno II,CHRY,1.0,4.0,23.4,2.67,55.3,667.0,O
Al Abid,IQ,1.0,3.0,25.0,2.64,48.0,650.0,X
KSLV-II TLV,KARI,1.0,2.0,25.8,2.6,52.1,747.0,M
A-350,SKB30,1.0,2.0,20.0,2.57,33.0,,M
A-350Zh,SKB30,1.0,2.0,17.9,2.57,32.0,,M
A-925,FAKEL,1.0,2.0,19.8,2.57,33.0,,M
Nudol',ALMAN,1.0,2.0,19.0,2.6,33.0,,M
Epsilon,JAXA,1.0,4.0,24.4,2.5,91.0,2250.0,O
UR-100N,KHRU,1.0,2.0,18.9,2.5,50.0,,M
UR-100NU 15A35,KHRU,1.0,3.0,24.3,2.5,105.6,1870.0,M
UR-100NU 15A35P,KHRU,1.0,3.0,24.3,2.5,105.6,1870.0,M
UR-100NU 15A35S,KHRU,1.0,3.0,24.3,2.5,105.6,1870.0,M
Strela,NPOMA,1.0,3.0,29.2,2.5,105.0,,O
Rokot,KHRU,1.0,3.0,29.0,2.5,107.0,1870.0,O
M-V,NISST,1.0,3.0,30.7,2.5,139.0,3786.0,O
Thor DM-18,DACM,1.0,1.0,19.8,2.44,48.5,710.0,M
Thor DM-18A,DACM,1.0,1.0,19.4,2.44,48.9,668.0,M
Thor DM-18C,DACM,1.0,1.0,22.0,2.44,48.5,734.0,M
Thor Able,DACM,1.0,2.0,24.8,2.44,48.3,668.0,M
Thor Able I,DACM,1.0,3.0,26.9,2.44,52.0,710.0,O
Thor Able II,DACM,1.0,2.0,27.3,2.44,52.0,668.0,M
Thor Able III,DACM,1.0,3.0,27.4,2.44,52.0,668.0,O
Thor Able IV,DACM,1.0,3.0,27.2,2.44,52.0,668.0,O
Thor Ablestar,DACM,1.0,2.0,23.5,2.44,53.0,668.0,O
Thor Agena A,DACM,1.0,2.0,24.0,2.44,53.1,670.0,O
Thor Agena B,DACM,1.0,2.0,23.4,2.44,56.5,670.0,O
Thor Agena D,DACM,1.0,2.0,23.4,2.44,56.5,743.0,O
Thor SLV-2 Agena B,DACM,1.0,2.0,27.2,2.44,56.5,756.0,O
Thor SLV-2 Agena D,DACM,1.0,2.0,27.2,2.44,56.5,756.0,O
Thor SLV-2A Agena B,DACM,0.0,2.0,27.2,2.44,67.8,1475.0,O
Thor SLV-2A Agena D,DACM,0.0,2.0,27.2,2.44,67.8,1475.0,O
Thorad SLV-2G Agena D,DACM,0.0,2.0,32.9,2.44,91.4,1444.0,O
Thorad SLV-2H Agena D,DACM,0.0,2.0,32.9,2.44,91.4,1444.0,O
Thor Delta,DACM,1.0,3.0,27.5,2.44,50.7,734.0,O
Thor Delta A,DACM,1.0,3.0,27.5,2.44,51.0,756.0,O
Thor Delta B,DACM,1.0,3.0,27.5,2.44,51.8,756.0,O
Thor Delta C,DACM,1.0,3.0,27.5,2.44,52.0,756.0,O
Thor Delta C1,DACM,1.0,3.0,27.5,2.44,52.0,756.0,O
Thor Delta D,DACM,0.0,3.0,27.5,2.44,64.7,756.0,O
Thor Delta E,DACM,0.0,3.0,28.0,2.44,68.0,1450.0,O
Thor Delta E1,DACM,0.0,3.0,28.0,2.44,68.0,1450.0,O
Thor Delta G,DACM,0.0,2.0,28.0,2.44,65.0,1590.0,O
Thor Delta J,DACM,0.0,3.0,28.0,2.44,65.0,1590.0,O
Thor Delta L,DACM,0.0,3.0,34.0,2.44,89.9,1590.0,O
Thor Delta M,DACM,0.0,3.0,32.4,2.44,91.0,1590.0,O
Thor Delta M6,DACM,0.0,3.0,32.4,2.44,103.7,2411.0,O
Thor Delta N,DACM,0.0,2.0,33.0,2.44,90.0,1590.0,O
Thor Delta N6,DACM,0.0,2.0,33.0,2.44,102.9,2411.0,O
Thor DSV-2D,DACM,1.0,1.0,21.7,2.44,50.0,743.0,X
Thor DSV-2E,DACM,1.0,1.0,19.4,2.44,49.3,668.0,M
Thor DSV-2F,DACM,1.0,1.0,20.8,2.44,50.0,668.0,V
Thor DSV-2G,DACM,1.0,2.0,26.9,2.44,55.0,668.0,V
Thor DSV-2J,DACM,1.0,1.0,19.4,2.44,55.0,668.0,M
Thor DSV-2U,DACM,1.0,2.0,23.0,2.44,49.5,750.0,O
Thor MG-18,DACM,1.0,2.0,23.0,2.44,50.0,668.0,O
Thor Burner 1,DACM,1.0,2.0,23.0,2.44,50.0,668.0,O
Thor Burner 2,DACM,1.0,2.0,22.4,2.44,50.0,750.0,O
Thor Burner 2A,MDAC,1.0,3.0,23.0,2.44,50.0,750.0,O
Delta 0300,MDAC,0.0,2.0,34.0,2.44,90.1,1590.0,O
Delta 0900,MDAC,0.0,2.0,34.0,2.44,116.5,2500.0,O
Delta 1410,MDAC,0.0,2.0,35.0,2.44,110.0,1863.0,O
Delta 1604,MDAC,0.0,3.0,35.0,2.44,118.0,2410.0,O
Delta 1900,MDAC,0.0,2.0,35.0,2.44,130.0,2410.0,O
Delta 1910,MDAC,0.0,2.0,35.0,2.44,130.0,2410.0,O
Delta 1913,MDAC,0.0,3.0,35.0,2.44,130.0,2410.0,O
Delta 1914,MDAC,0.0,3.0,35.0,2.44,130.3,2410.0,O
Delta 2310,MDAC,0.0,2.0,35.0,2.44,131.0,1737.0,O
Delta 2910,MDAC,0.0,2.0,35.0,2.44,131.0,2560.0,O
Delta 2313,MDAC,0.0,3.0,35.0,2.44,131.0,1737.0,O
Delta 2913,MDAC,0.0,3.0,35.0,2.44,131.8,2560.0,O
Delta 2914,MDAC,0.0,3.0,35.0,2.44,130.4,2560.0,O
Delta 3910,MDAC,0.0,2.0,35.0,2.44,190.0,3188.0,O
Delta 3910/PAM,MDAC,0.0,3.0,35.0,2.44,191.6,3188.0,O
Delta 3913,MDAC,0.0,3.0,35.0,2.44,190.0,3188.0,O
Delta 3914,MDAC,0.0,3.0,35.0,2.44,190.3,3188.0,O
Delta 3920-8,MDAC,0.0,2.0,36.0,2.44,190.0,3188.0,O
Delta 3920,MDAC,0.0,2.0,36.0,2.44,191.0,3188.0,O
Delta 3920/PAM,MDAC,0.0,3.0,36.0,2.44,191.6,3188.0,O
Delta 3924,MDAC,0.0,3.0,36.0,2.44,191.0,3188.0,O
Delta 4925-8,MDAC,0.0,3.0,34.0,2.44,200.7,3470.0,O
Delta 5920-8,MDAC,0.0,2.0,34.0,2.44,201.6,3470.0,O
Delta 6920-8,MDAC,0.0,2.0,39.0,2.44,219.0,3790.0,O
Delta 6920-10,MDAC,0.0,2.0,39.0,2.44,219.0,3790.0,O
Delta 6925-8,MDAC,0.0,3.0,39.0,2.44,219.0,3790.0,O
Delta 6925,MDAC,0.0,3.0,39.0,2.44,219.0,3790.0,O
Delta 7320-10,MDAC,0.0,2.0,38.9,2.44,151.7,2500.0,O
Delta 7320-10C,MDAC,0.0,2.0,38.9,2.44,151.7,2500.0,O
Delta 7326-9.5,MDAC,0.0,3.0,38.4,2.44,155.0,2500.0,O
Delta 7420-10C,MDAC,0.0,2.0,39.0,2.44,165.0,3020.0,O
Delta 7425-9.5,MDAC,0.0,3.0,39.0,2.44,170.0,3020.0,O
Delta 7425-10,MDAC,0.0,3.0,39.0,2.44,170.0,3020.0,O
Delta 7426-9.5,MDAC,0.0,3.0,39.0,2.44,170.0,3020.0,O
Delta 7920-8,MDAC,0.0,2.0,39.0,2.44,220.0,4000.0,O
Delta 7920-10,MDAC,0.0,2.0,39.0,2.44,220.0,4000.0,O
Delta 7920-10C,MDAC,0.0,2.0,39.0,2.44,232.0,4000.0,O
Delta 7920-10L,MDAC,0.0,2.0,40.0,2.44,232.0,4000.0,O
Delta 7925,MDAC,0.0,3.0,39.7,2.44,219.9,4000.0,O
Delta 7925H,MDAC,0.0,3.0,39.7,2.44,283.0,5030.0,O
Delta 7920H,MDAC,0.0,2.0,39.7,2.44,283.0,5030.0,O
Delta 7925-8,MDAC,0.0,3.0,38.2,2.44,220.0,4000.0,O
Delta 7925-9.5,MDAC,0.0,3.0,39.0,2.44,231.0,4000.0,O
Delta 7925-10,MDAC,0.0,3.0,38.9,2.44,231.9,4000.0,O
Delta 7925-10C,MDAC,0.0,3.0,38.9,2.44,231.9,4000.0,O
Delta 7925-10L,MDAC,0.0,3.0,38.9,2.44,231.9,4000.0,O
Delta 8930,BOHB,0.0,2.0,39.1,2.44,301.5,4891.0,O
N-1,MHITO,0.0,3.0,33.0,2.44,90.0,2290.0,O
N-2,MHITO,0.0,3.0,35.0,2.44,135.0,2290.0,O
H-1,MHITO,0.0,3.0,42.0,2.44,142.0,2130.0,O
R-39,MAK,1.0,3.0,16.0,2.4,84.0,2060.0,M
R-39U,MAK,1.0,3.0,16.0,2.4,84.0,2060.0,M
R-39UTTKh,MAK,1.0,3.0,16.0,2.4,34.0,2060.0,M
Grom,MAK,1.0,3.0,16.0,2.4,84.0,2060.0,M
RT-23 15Zh44,YUZH,1.0,3.0,22.4,2.4,104.5,2060.0,M
RT-23 15Zh52,YUZH,1.0,3.0,22.4,2.4,104.5,2060.0,M
RT-23U 15Zh61,YUZH,1.0,3.0,22.6,2.4,104.5,2060.0,M
RT-23U 15Zh60,YUZH,1.0,3.0,22.6,2.4,104.5,2060.0,M
Unha-1,KPA,1.0,2.0,29.0,2.4,85.0,1000.0,M
Unha-2,KPA,1.0,3.0,30.0,2.4,85.0,1000.0,O
Unha-3,KPA,1.0,3.0,30.0,2.4,85.0,1000.0,O
Kwangmyongsong,KPA,1.0,3.0,30.0,2.4,85.0,1000.0,O
Simorgh,IR,1.0,2.0,27.0,2.4,85.0,1000.0,O
Hwasong-15,KPA,1.0,2.0,22.0,2.4,85.0,,M
R-14,OKB586,1.0,1.0,24.4,2.4,86.3,1480.0,M
R-14U,OKB586,1.0,1.0,24.4,2.4,86.4,1480.0,M
Kosmos 65S3,OKB586,1.0,2.0,32.4,2.4,109.0,1480.0,O
Kosmos 11K65,OKB586,1.0,2.0,32.4,2.4,109.0,1485.0,O
Kosmos 11K65M,POL,1.0,2.0,32.4,2.4,109.0,1485.0,O
Vertikal' K65UP,POL,1.0,1.0,27.6,2.4,90.0,1485.0,X
K65M-R,POL,1.0,2.0,32.4,2.4,109.0,1485.0,M
K65M-RB,POL,1.0,2.0,32.4,2.4,109.0,1485.0,O
Burya,OKB23,1.0,2.0,22.0,2.4,120.0,1530.0,C
ARPA Taurus,OSCC,1.0,4.0,27.2,2.35,73.0,1711.0,O
Taurus 2110,OSCC,1.0,4.0,27.9,2.35,73.0,1711.0,O
Taurus 2210,OSCC,1.0,4.0,29.7,2.35,73.0,1711.0,O
Taurus 3210,OSCC,1.0,4.0,31.6,2.35,73.0,1711.0,O
Taurus 3110,OSCC,1.0,4.0,31.6,2.35,73.0,1711.0,O
Taurus 1110,OSCC,1.0,4.0,27.9,2.35,73.0,1711.0,O
Minotaur C,OSCC,1.0,4.0,31.6,2.35,73.0,1711.0,O
Peacekeeper,MMD,1.0,4.0,21.6,2.3,88.5,1711.0,M
LLV-1,LMSC,1.0,3.0,18.9,2.3,66.3,1450.0,O
LMLV-1,LMSC,1.0,3.0,18.9,2.3,66.3,1450.0,O
Athena-1,LMSC,1.0,3.0,18.9,2.3,66.3,1450.0,O
Athena-2,LMSC,1.0,4.0,28.2,2.3,120.7,1450.0,O
Minotaur V,OSCC,1.0,5.0,23.9,2.35,36.2,1600.0,O
Minotaur IV,OSCC,1.0,4.0,23.9,2.35,36.2,1600.0,O
Minotaur IV+,OSCC,1.0,4.0,23.9,2.35,36.2,1600.0,O
Minotaur IV Lite,OSCC,1.0,3.0,23.0,2.35,36.2,1600.0,M
MSBS M51,EADS,1.0,3.0,12.0,2.3,56.0,,M
MR-UR-100,YUZH,1.0,3.0,20.9,2.25,71.0,1236.0,M
MR-UR-100U 15A16,YUZH,1.0,3.0,21.6,2.25,71.1,1236.0,M
Perimetr 15A11,YUZH,1.0,2.0,21.6,2.25,71.0,1236.0,M
DF-3,CALT,1.0,1.0,24.0,2.25,64.0,1224.0,M
DF-3A,CALT,1.0,1.0,24.0,2.25,64.0,1224.0,M
DF-4,CALT,1.0,2.0,28.0,2.25,82.0,1224.0,M
Chang Zheng 1,CALT,1.0,3.0,29.5,2.25,81.5,1224.0,O
Chang Zheng 1D,CALT,1.0,3.0,29.5,2.25,81.5,1224.0,O
Kuaizhou-11,ARMT,1.0,3.0,11.0,2.2,78.0,,M
DF-41,ARMT,1.0,3.0,11.0,2.2,40.0,,M
DF-31,ARMT,1.0,3.0,11.0,2.2,20.0,,M
JL-2,ARMT,1.0,3.0,11.0,2.2,20.0,,M
JL-3,ARMT,1.0,3.0,11.0,2.2,20.0,,M
Chang Zheng 11,SLREC,1.0,4.0,20.0,2.2,58.0,1177.0,O
KT-2,CASIC4A,1.0,3.0,20.0,2.2,30.0,,O
Trident D-5,LMSC,1.0,3.0,13.6,2.11,58.5,,M
Little Joe 1,NAA,0.0,1.0,15.2,2.03,12.7,650.0,T
Cora,NORD,1.0,2.0,11.0,2.01,16.0,268.0,T
PRS-1 5Ya26,NOVTR,1.0,1.0,10.0,2.0,12.0,,B
PRS-1,NOVTR,1.0,1.0,10.0,2.0,12.0,,B
PRS-1M,NOVTR,1.0,1.0,10.0,2.0,12.0,,B
Black Arrow,RAE,1.0,3.0,12.9,2.0,18.1,222.0,O
Agni 5,DRDO,1.0,3.0,17.2,2.0,50.0,,M
Agni 3,DRDO,1.0,2.0,16.0,2.0,48.0,,M
UR-100,KHRU,1.0,2.0,16.9,2.0,42.3,2070.0,M
UR-100M,KHRU,1.0,2.0,16.7,2.0,42.3,2070.0,M
UR-100K,KHRU,1.0,2.0,18.9,2.0,50.0,2070.0,M
UR-100U,KHRU,1.0,2.0,18.9,2.0,50.0,2070.0,M
MSBS M45,AELM,1.0,3.0,11.0,1.93,35.0,900.0,M
MSBS M4,AELM,1.0,3.0,11.0,1.93,35.0,900.0,M
Vysota,MAK,1.0,2.0,13.0,1.9,33.3,682.0,M
Volna,MAK,1.0,2.0,14.1,1.9,35.3,682.0,M
Shtil',MAK,1.0,3.0,14.8,1.9,40.3,682.0,M
Shtil'-1,MAK,1.0,3.0,14.8,1.9,40.0,810.0,O
Sineva,MAK,1.0,3.0,14.8,1.9,40.3,682.0,M
Layner,MAK,1.0,3.0,14.8,1.9,40.3,682.0,M
Poseidon C3,LMSC,1.0,2.0,10.4,1.88,29.4,,M
Trident C-4,LMSC,1.0,3.0,10.4,1.88,33.1,,M
ICBM-T1,OATK,1.0,3.0,17.6,1.68,33.1,935.0,M
ICBM-T2,OATK,1.0,3.0,17.6,1.68,33.1,935.0,M
LV-2,LMSC,1.0,2.0,10.4,1.88,30.0,,M
LV-3,LMSC,1.0,3.0,15.0,1.88,40.0,,M
MRBM-T3c2,LMSC,1.0,2.0,15.0,1.88,40.0,,M
RT-1,OKB1,1.0,3.0,18.0,1.84,34.0,890.0,M
RT-2,OKB1,1.0,3.0,21.3,1.84,46.0,890.0,M
RT-2P,ARSL,1.0,3.0,21.3,1.84,51.0,980.0,M
RT-2M,MITT,1.0,3.0,21.3,1.84,51.0,980.0,M
LauncherOne,VORB,0.0,2.0,20.0,1.83,24.4,308.0,O
Topol',MITT,1.0,3.0,21.5,1.8,45.0,890.0,M
Topol'-E,VOTK,1.0,3.0,21.5,1.8,45.0,890.0,M
Topol'-M,MITT,1.0,3.0,20.5,1.8,47.1,890.0,M
Topol'-M 15Zh55,VOTK,1.0,3.0,20.5,1.8,47.1,890.0,M
Perimetr-RTs,MITT,1.0,3.0,20.5,1.8,47.1,890.0,M
Skorost',VOTK,1.0,2.0,18.0,1.8,45.0,890.0,M
Rubezh,MITT,1.0,2.0,20.5,1.8,47.1,890.0,M
Yars,VOTK,1.0,3.0,20.5,1.8,47.1,890.0,M
Yars-M,VOTK,1.0,3.0,20.5,1.8,47.1,890.0,M
Yars 15Zh65M,VOTK,1.0,3.0,20.5,1.8,47.1,890.0,M
Bulava,VOTK,1.0,3.0,20.5,1.8,47.1,890.0,M
Start,MITT,1.0,6.0,28.9,1.8,60.0,890.0,O
Start-1,MITT,1.0,5.0,22.7,1.8,47.0,890.0,O
Start-1.2,MITT,1.0,5.0,22.7,1.8,47.0,890.0,O
RT-20P,YUZH,1.0,2.0,17.5,1.8,30.0,600.0,M
J-1,NISST,1.0,2.0,33.1,1.8,88.5,1550.0,X
Pioner,VOTK,1.0,2.0,16.5,1.79,37.0,,M
Pioner UTTKh,MITT,1.0,2.0,16.5,1.79,37.0,,M
Pioner-3,VOTK,1.0,2.0,16.5,1.79,37.0,,M
Temp-2S,MITT,1.0,3.0,18.5,1.79,41.5,,M
Jupiter A,ABMA,1.0,1.0,20.0,1.78,28.4,357.0,M
Redstone,CHRY,1.0,1.0,20.0,1.78,28.4,357.0,M
Redstone MRLV,CHRY,1.0,1.0,20.0,1.78,28.4,357.0,M
SPARTA,TRW,1.0,3.0,21.8,1.78,30.0,357.0,O
Jupiter C,ABMA,1.0,3.0,21.2,1.78,28.5,357.0,V
Hwasong-14,KPA,1.0,2.0,17.9,1.75,20.0,,M
Hwasong-12,KPA,1.0,1.0,14.0,1.75,16.0,,M
Falcon 1,SPX,1.0,2.0,21.3,1.7,27.2,378.0,O
Minuteman 1A,BOUT,1.0,1.0,16.4,1.68,30.0,935.0,T
Minuteman 1B,BOUT,1.0,3.0,16.8,1.68,31.7,935.0,M
Minuteman 2,BOUT,1.0,3.0,17.6,1.68,33.1,935.0,M
Minotaur 2,BOUT,1.0,3.0,17.6,1.68,33.1,935.0,M
Minuteman 3,BOUT,1.0,4.0,18.3,1.68,35.3,935.0,M
Minuteman 1,BOUT,1.0,3.0,16.0,1.68,30.0,935.0,T
HOE,LMMS,1.0,2.0,19.0,1.68,35.0,935.0,M
Minotaur 1,OSCC,1.0,4.0,19.2,1.68,36.3,892.0,O
R-5,OKB1,1.0,1.0,20.7,1.65,24.4,430.0,M
R-5A,OKB1,1.0,1.0,20.7,1.65,24.4,430.0,M
R-5B,OKB1,1.0,1.0,20.7,1.65,24.4,430.0,M
R-5M,OKB1,1.0,1.0,20.3,1.65,24.4,430.0,M
R-5V,OKB1,1.0,1.0,21.2,1.65,24.4,430.0,M
R-5 VAO,OKB1,1.0,1.0,21.2,1.65,24.4,430.0,M
R-12,OKB586,1.0,1.0,22.5,1.65,42.0,730.0,M
R-12U,OKB586,1.0,1.0,22.5,1.65,42.0,730.0,M
K63,OKB586,1.0,1.0,22.5,1.65,42.0,730.0,M
K63D,OKB586,1.0,1.0,22.5,1.65,42.0,730.0,M
Kosmos 63S1,OKB586,1.0,2.0,31.5,1.65,48.1,730.0,O
Kosmos 11K63,OKB586,1.0,2.0,31.5,1.65,48.1,730.0,O
R-UNK,,1.0,1.0,22.5,1.65,42.0,,M
DF-1,CALT,1.0,1.0,17.6,1.65,20.4,250.0,B
DF-2,CALT,1.0,1.0,20.6,1.65,32.0,300.0,B
DF-2A,CALT,1.0,1.0,20.6,1.65,32.0,300.0,B
A-4,WEHR,1.0,1.0,13.6,1.65,12.8,270.0,B
A-4b,WEHR,1.0,1.0,13.6,1.65,12.8,312.0,B
V-2,GEMTS,1.0,1.0,13.6,1.65,12.8,312.0,R
Hermes II,GEMTS,1.0,1.0,14.0,1.65,13.0,312.0,R
Bumper-WAC,GEMTS,1.0,2.0,17.2,1.65,12.9,267.0,X
R-1,NII88,1.0,1.0,14.1,1.65,13.4,267.0,B
R-1 8A11,NII88,1.0,1.0,14.1,1.65,13.4,267.0,B
A-1,NII88,1.0,1.0,14.1,1.65,13.4,267.0,R
R-1A,OKB1,1.0,1.0,14.1,1.65,13.4,267.0,B
R-1B,OKB1,1.0,1.0,17.5,1.65,13.4,267.0,B
R-1V,OKB1,1.0,1.0,17.5,1.65,13.4,267.0,B
R-1D,OKB1,1.0,1.0,14.1,1.65,13.4,267.0,B
R-1E (A-1),OKB1,1.0,1.0,14.1,1.65,13.4,267.0,B
R-1E,OKB1,1.0,1.0,14.1,1.65,13.4,267.0,B
R-1UK,OKB1,1.0,1.0,14.1,1.65,13.4,267.0,B
R-2,OKB1,1.0,1.0,17.0,1.65,20.3,363.0,R
R-2A,OKB1,1.0,1.0,17.0,1.65,20.3,363.0,R
R-2e,OKB1,1.0,1.0,17.0,1.65,20.3,363.0,R
R-2R,OKB1,1.0,1.0,17.0,1.65,20.3,363.0,R
R-31,ARSL,1.0,3.0,11.4,1.54,26.9,580.0,M
CE-5 SSQ,CAST,1.0,1.0,1.5,1.5,0.5,,O
Zyb,MAK,1.0,1.0,9.7,1.5,14.2,,M
Zyb R-27U,MAK,1.0,1.0,9.7,1.5,14.2,,M
Zyb R-27K,MAK,1.0,1.0,9.7,1.5,14.2,,M
Hwasong-10,KPA,1.0,1.0,9.7,1.5,14.2,,M
Khorramshahr,IR,1.0,1.0,9.7,1.5,14.2,,M
Bukguekseong,KPA,1.0,2.0,9.5,1.5,18.0,,M
Bukguekseong-2,KPA,1.0,2.0,9.5,1.5,18.0,,M
MSBS M011,SEREB,1.0,2.0,10.0,1.5,15.0,440.0,T
MSBS M012,SEREB,1.0,2.0,10.0,1.5,15.0,440.0,M
MSBS M013,SEREB,1.0,2.0,10.0,1.5,15.0,440.0,M
MSBS M112,SEREB,1.0,2.0,10.4,1.5,18.0,440.0,T
MSBS M1,SEREB,1.0,2.0,10.4,1.5,18.0,440.0,M
MSBS M2,SEREB,1.0,2.0,10.7,1.5,20.0,440.0,M
MSBS M20,AELM,1.0,2.0,10.7,1.5,20.0,440.0,M
SSBS S112,SEREB,1.0,2.0,12.6,1.5,25.1,440.0,T
SSBS S01,SEREB,1.0,2.0,15.1,1.5,25.0,440.0,M
SSBS S02,SEREB,1.0,2.0,14.8,1.5,31.9,540.0,M
SSBS S2,SEREB,1.0,2.0,14.8,1.5,31.9,540.0,M
SSBS S3,AELM,1.0,2.0,13.8,1.5,25.8,540.0,M
Spaceship One,SCAL,0.0,1.0,5.0,1.5,4.0,,R
Spaceship Two,SCAL,0.0,1.0,18.3,2.3,9.7,,R
RT-15,ARSL,1.0,2.0,11.9,1.49,16.0,412.0,M
RT-15M,ARSL,1.0,2.0,11.9,1.49,16.0,412.0,M
ETV,NISST,0.0,2.0,21.3,1.41,39.4,1932.0,X
Mu-1,NISST,0.0,4.0,21.9,1.41,40.0,1932.0,T
Mu-3D,NISST,0.0,4.0,23.6,1.41,40.0,1932.0,X
Mu-4S,NISST,0.0,4.0,23.6,1.41,43.6,1932.0,O
Mu-3C,NISST,0.0,3.0,20.2,1.41,41.6,1932.0,O
Mu-3H,NISST,0.0,4.0,23.8,1.41,44.7,2150.0,O
Mu-3S,NISST,0.0,3.0,23.8,1.41,49.3,2150.0,O
Mu-3S-II,NISST,0.0,3.0,27.8,1.41,61.7,1930.0,O
Emeraude VE121,SEREB,1.0,1.0,17.9,1.4,18.2,275.0,V
Saphir VE231,SEREB,1.0,2.0,17.8,1.4,18.0,275.0,V
Diamant A,SEREB,1.0,3.0,18.9,1.4,18.5,275.0,O
Diamant B,SEREB,1.0,3.0,23.5,1.4,24.6,348.0,O
Diamant BP.4,SEREB,1.0,3.0,21.6,1.4,26.3,316.0,O
Polaris AX,LMSC,1.0,2.0,7.6,1.37,10.0,,M
Polaris A1,LMSC,1.0,2.0,8.7,1.37,13.0,,M
Polaris A2E,LMSC,1.0,2.0,9.4,1.37,14.7,,M
Polaris A2,LMSC,1.0,2.0,9.4,1.37,14.7,,M
Polaris A3,LMSC,1.0,2.0,9.4,1.37,16.2,,M
STARS,LMSC,1.0,3.0,11.5,1.37,16.7,,M
Alfa,AERIT,1.0,1.0,6.5,1.37,8.0,245.0,M
Squirt,MDAC,1.0,2.0,8.2,1.37,3.4,3000.0,A
Sprint ABM,MDAC,1.0,2.0,8.2,1.37,3.4,3000.0,A
HEDI,MDAC,1.0,2.0,8.2,1.37,3.5,3000.0,A
Kuryer,VOTK,1.0,3.0,11.2,1.36,15.0,,M
Shuang Quxian 1,XJRY,1.0,4.0,24.0,1.4,31.0,555.0,O
Gushenxing 1,XIDO,1.0,4.0,19.0,1.4,30.0,590.0,O
KT-1,CASIC4A,1.0,3.0,11.0,1.35,20.0,,O
Kuaizhou,CASIC4A,1.0,4.0,20.0,1.35,30.0,,O
Kuaizhou-1A,CASIC4A,1.0,4.0,20.0,1.35,30.0,,O
JL-1,CASIC4A,1.0,2.0,10.7,1.35,14.7,,M
DF-21,CASIC4A,1.0,2.0,10.7,1.35,14.7,,M
DF-26,CASIC4A,1.0,2.0,14.0,1.35,20.0,,M
Zhuque-1,CASIC4A,1.0,3.0,19.0,1.35,27.0,200.0,O
Shaheen 2,PKNDC,1.0,2.0,18.0,1.35,25.0,,M
Shaheen 3,PKNDC,1.0,2.0,18.0,1.35,25.0,,M
Ababeel,PKNDC,1.0,3.0,22.0,1.35,25.0,,M
Jericho II,IAI,1.0,1.0,15.0,1.35,20.0,610.0,M
Jericho III,IAI,1.0,2.0,15.0,1.35,20.0,610.0,M
Shavit,IAI,1.0,3.0,17.0,1.35,26.0,610.0,O
Shavit 1,IAI,1.0,3.0,18.0,1.35,30.0,610.0,O
Shavit 2,IAI,1.0,3.0,18.0,1.35,30.0,610.0,O
Arrow 1,IAI,1.0,1.0,7.5,1.35,,,A
RSA-3,HOUW,1.0,3.0,17.6,1.35,23.6,451.0,M
Astra Rocket 3.1,ASTRV,1.0,2.0,11.6,1.32,11.0,140.0,O
Storm-2,OSCC,1.0,1.0,9.9,1.32,10.0,267.0,M
SR19,COLE,1.0,1.0,6.0,1.32,8.0,267.0,R
AltAir,SVC,1.0,1.0,6.0,1.32,8.0,267.0,R
eMRBM,LMCO,0.0,2.0,15.5,1.32,15.0,267.0,M
MRBM Target,LMCO,1.0,2.0,15.5,1.32,15.0,267.0,M
eMRBM-T1,OSCC,0.0,2.0,15.5,1.32,15.0,267.0,M
Janus,OSCC,0.0,2.0,11.2,1.32,10.8,267.0,M
MRBM-T1,LMCO,0.0,2.0,15.5,1.32,15.0,267.0,M
MRBM-T2,LMCO,0.0,2.0,15.5,1.32,15.0,267.0,M
MRBM-T3,OSCC,1.0,2.0,15.0,1.32,15.0,267.0,M
SR19/SR19,OSCC,0.0,2.0,15.5,1.32,15.0,267.0,M
LRALT,COLE,0.0,2.0,15.5,1.32,15.0,267.0,M
E-LRALT,COLE,0.0,3.0,15.5,1.32,15.0,267.0,M
SRALT,COLE,0.0,1.0,12.0,1.32,12.0,267.0,M
Hera,COLE,1.0,2.0,11.2,1.32,10.8,267.0,M
Juno,OSCC,1.0,2.0,11.2,1.32,10.8,267.0,M
Minuteman 2 PLV,LMMS,1.0,2.0,10.3,1.32,15.0,267.0,M
R-21,SKB385,1.0,1.0,13.0,1.3,16.6,,M
R-13,SKB385,1.0,1.0,11.8,1.3,13.7,,B
K-4,DRDO,1.0,2.0,12.0,1.3,17.0,,M
PDV Mk II,DRDO,1.0,3.0,12.0,1.3,17.0,,M
V-825,FAKEL,0.0,1.0,18.5,1.3,16.6,,B
Sejjil,IR,1.0,2.0,17.6,1.25,23.6,255.0,B
Sejjil-2,IR,1.0,2.0,17.6,1.25,23.6,560.0,B
Ashura,IR,1.0,2.0,10.0,1.25,20.0,560.0,B
Hwasong-7,KPA,1.0,1.0,16.0,1.25,16.0,255.0,B
Shahab 3,IR,1.0,1.0,15.6,1.25,16.0,255.0,B
Emad,IR,1.0,1.0,15.6,1.25,16.0,255.0,B
Ghadr 1,IR,1.0,1.0,15.6,1.25,16.0,255.0,B
Safir,IR,1.0,2.0,22.0,1.25,26.0,255.0,B
Qased,IR,1.0,3.0,18.0,1.25,19.4,255.0,B
Paektusan 1,KPA,1.0,3.0,25.8,1.25,33.4,570.0,O
Ghauri,KRLP,1.0,1.0,16.0,1.25,16.0,255.0,B
Scud D,KPA,1.0,1.0,16.0,1.25,16.0,255.0,B
AMROC IRR,AMROC,1.0,1.0,17.7,1.29,12.2,315.0,R
GBI,OSCC,1.0,3.0,15.5,1.28,18.0,580.0,R
ALV,ATKE,1.0,2.0,16.8,1.28,15.0,580.0,R
Pegasus,OSCC,0.0,3.0,15.5,1.28,18.5,580.0,O
Pegasus/HAPS,OSCC,0.0,4.0,15.5,1.28,18.5,580.0,O
Pegasus H,OSCC,0.0,3.0,15.5,1.28,18.5,580.0,O
Pegasus XL,OSCC,0.0,3.0,17.4,1.28,23.0,726.0,O
Pegasus XL/HAPS,OSCC,0.0,4.0,17.4,1.28,23.0,726.0,O
IRBM-T1,OSCC,1.0,2.0,15.0,1.28,23.0,726.0,M
IRBM-T2,OSCC,1.0,2.0,15.0,1.28,23.0,726.0,M
Hyper X,OSCC,0.0,1.0,14.9,1.28,18.8,726.0,T
Al Kahir,EGAO,1.0,1.0,12.5,1.22,10.0,,A
LDSD,JPL,0.0,1.0,2.0,1.22,3.0,,A
Hyunmoo-1,ADD,1.0,2.0,11.9,1.2,4.9,775.0,A
Hyunmoo-2A,ADD,1.0,1.0,7.0,1.2,5.0,,A
Hyunmoo-2B,ADD,1.0,1.0,7.0,1.2,5.0,,A
Hyunmoo-2C,ADD,1.0,1.0,7.0,1.2,5.0,,A
Hyunmoo-4,ADD,1.0,1.0,7.0,1.2,5.0,,A
Electron,RLABN,1.0,3.0,17.0,1.2,12.6,162.0,O
Jielong-1,CZHJ,1.0,4.0,19.5,1.2,19.5,,O
DF-16,CASIC,1.0,1.0,12.0,1.2,18.0,,M
DF-17,CASIC,1.0,1.0,12.0,1.2,18.0,,M
Hermes A-3B,GEMTS,1.0,1.0,10.1,1.19,5.4,100.0,A
SICBM,MMD,1.0,4.0,16.2,1.17,17.0,979.0,M
Super Strypi,SAND,1.0,3.0,20.6,1.17,24.0,,O
Aries,SVC,1.0,1.0,9.2,1.16,6.3,200.0,R
M56A1,OSCC,1.0,1.0,9.2,1.16,6.3,200.0,R
ERIS,LMSC,1.0,2.0,4.1,1.16,14.0,200.0,M
Viking Type 9,NRL,1.0,1.0,12.8,1.14,6.8,93.0,R
Vanguard,NRL,1.0,3.0,22.1,1.14,10.0,120.0,O
Scout II TV,BPD,1.0,1.0,9.0,1.14,17.0,590.0,T
Scout D-1,LTV,1.0,4.0,25.0,1.14,21.3,464.0,O
Scout E-1,LTV,1.0,5.0,25.0,1.14,20.6,464.0,O
Scout F-1,LTV,1.0,4.0,25.0,1.14,20.6,464.0,O
Scout G-1,LTV,1.0,4.0,25.0,1.14,23.8,464.0,O
TR-1,NISST,1.0,1.0,14.3,1.13,11.8,608.0,R
TR-1A,NISST,1.0,1.0,13.4,1.13,10.3,608.0,R
Prithvi,HAL,1.0,1.0,9.0,1.1,4.5,,B
Prithvi 2,HAL,1.0,1.0,9.0,1.1,4.5,,B
PDV Target,HAL,1.0,2.0,9.0,1.1,4.5,,B
PDV,HAL,1.0,1.0,9.0,1.1,4.5,,B
Dhanush,HAL,1.0,1.0,8.5,1.1,4.5,,A
Spartan ABM,WELEC,1.0,3.0,16.8,1.09,13.2,2000.0,M
Nike Zeus,DACC,1.0,2.0,14.7,1.09,10.3,2002.0,M
Nike Zeus DM-15S,WELEC,1.0,3.0,14.6,1.09,10.3,2002.0,M
Dolphin,STST,1.0,1.0,15.5,1.07,7.5,155.0,T
Nike Hercules 1810,WELEC,1.0,2.0,11.9,1.06,4.9,775.0,A
Nike Hercules R&D,DACC,1.0,2.0,11.9,1.06,4.9,775.0,A
Nike Hercules,WELEC,1.0,2.0,11.9,1.06,4.9,775.0,A
Nike J,MHITO,1.0,2.0,11.9,1.06,4.9,775.0,A
Paekkom,ADD,1.0,2.0,11.9,1.06,4.9,775.0,A
Hermes A-3A,GEMTS,1.0,1.0,8.7,1.02,3.8,80.0,A
Blue Scout I,LTV,1.0,3.0,21.7,1.02,16.7,556.0,R
Blue Scout II,LTV,1.0,4.0,21.7,1.02,16.9,556.0,O
Scout X,LTV,1.0,4.0,21.6,1.02,16.7,556.0,X
Scout X-1,LTV,1.0,4.0,21.6,1.02,16.7,556.0,O
Scout X-1A,LTV,1.0,5.0,22.0,1.02,17.0,440.0,R
Scout X-2,LTV,1.0,4.0,22.0,1.02,17.0,440.0,O
Scout X-2B,LTV,1.0,4.0,22.0,1.02,17.0,440.0,O
Scout X-2M,LTV,1.0,4.0,22.0,1.02,17.0,440.0,O
Scout X-3,LTV,1.0,4.0,22.0,1.02,17.0,380.0,O
Scout X-3M,LTV,1.0,4.0,22.0,1.02,17.0,380.0,O
Scout X-3A,LTV,1.0,5.0,22.0,1.02,17.0,380.0,R
Scout X-3C,LTV,1.0,3.0,22.0,1.02,17.0,380.0,R
Scout X-4,LTV,1.0,4.0,22.0,1.02,17.5,380.0,O
Scout X-4A,LTV,1.0,5.0,22.0,1.02,17.5,380.0,R
Scout X-5C,LTV,1.0,3.0,22.0,1.02,17.5,380.0,R
Scout A,LTV,1.0,4.0,22.0,1.02,17.9,400.0,O
Scout A-1,LTV,1.0,4.0,22.0,1.02,17.9,440.0,O
Scout B,LTV,1.0,4.0,22.4,1.02,17.9,400.0,O
Scout B-1,LTV,1.0,4.0,22.0,1.02,17.9,440.0,O
Athena H,CELES,0.0,3.0,18.6,1.02,14.0,422.0,V
Prospector,SDCO,1.0,1.0,14.1,1.02,12.2,430.0,R
Strypi XIIR,SAND,0.0,2.0,16.0,1.02,13.5,430.0,R
Castor 4A,OSCC,1.0,1.0,16.0,1.02,13.5,430.0,R
Maxus,SSC,1.0,1.0,15.5,1.02,12.3,500.0,R
Castor 4B,OSCC,1.0,1.0,14.0,1.02,13.0,500.0,R
MRT,OSCC,1.0,1.0,14.0,1.02,13.0,500.0,R
Castor-M57A1,OSCC,1.0,2.0,16.0,1.02,14.0,500.0,R
Conestoga 1620,EERSSI,1.0,4.0,15.2,1.02,87.4,1580.0,O
GBI BV,BOHSV,1.0,3.0,15.5,1.02,14.0,500.0,R
GBI BV+,LMSC,1.0,3.0,15.5,1.02,14.0,500.0,R
Pershing 1,MARTO,1.0,2.0,10.7,1.02,4.7,116.0,M
Pershing 1A,MARTO,1.0,2.0,10.7,1.02,4.7,116.0,M
Pershing 2,MARTO,1.0,2.0,10.7,1.02,7.5,,M
Sonda 4,INPE,1.0,2.0,11.0,1.01,7.2,203.0,R
VS-40,INPE,1.0,2.0,9.5,1.01,6.8,190.0,R
VS-40M,INPE,1.0,2.0,9.5,1.01,6.8,190.0,R
VLS-1,INPE,0.0,3.0,19.5,1.01,50.7,1172.0,O
Temp,MIT,1.0,1.0,12.4,1.01,9.7,,M
Temp-S,MIT,1.0,1.0,12.4,1.01,9.3,,M
Astra Rocket 1.0,ASTRV,1.0,2.0,10.0,1.0,6.0,,R
Astra Rocket 2.0,ASTRV,1.0,2.0,10.0,1.0,6.0,,R
Orion LAS,OSCC,1.0,1.0,11.6,1.0,6.1,,M
Agni TD,DRDO,1.0,2.0,21.0,1.0,19.0,503.0,M
Agni 1,DRDO,1.0,1.0,15.0,1.0,12.0,503.0,M
Agni 2,DRDO,1.0,2.0,20.0,1.0,16.0,503.0,M
Agni 2P,DRDO,1.0,2.0,20.0,1.0,16.0,503.0,M
Agni 4,DRDO,1.0,2.0,20.0,1.0,16.0,503.0,M
ASLV,ISRO,0.0,4.0,23.6,1.0,39.0,1383.0,O
SLV-3,ISRO,1.0,4.0,23.6,1.0,17.0,503.0,O
HS9,ISRO,1.0,1.0,19.0,1.0,9.0,503.0,R
KSR-III,KARI,1.0,1.0,13.5,1.0,5.6,126.0,R
Vesta,LRBA,1.0,1.0,10.2,1.0,6.0,140.0,R
DF-15,ARMT,1.0,1.0,9.1,1.0,6.2,,B
Shaheen 1A,PKNDC,1.0,1.0,9.1,1.0,6.2,,B
Shaheen 1,PKNDC,1.0,1.0,9.1,1.0,6.2,,B
V-1000,SKB30,0.0,1.0,14.5,1.0,8.8,,A
1Ya2TA,SKB30,0.0,1.0,14.5,1.0,8.8,,A
Oka,KBM,1.0,1.0,7.5,0.92,4.7,,B
Iskander,KBM,1.0,1.0,7.3,0.92,3.8,,B
Kinzhal,KBM,0.0,1.0,7.3,0.92,3.8,,B
KN-23,KPA,1.0,1.0,7.3,0.92,4.0,,M
Iskander-M,KBM,1.0,1.0,7.3,0.92,3.8,,B
Iskander-E,KBM,1.0,1.0,7.3,0.92,3.8,,B
Falstaff,RORD,1.0,1.0,5.3,0.92,5.1,240.0,T
Black Knight,SROE,1.0,1.0,10.2,0.91,5.4,75.0,V
Nike Zeus A,WELEC,1.0,2.0,13.3,0.91,5.0,2002.0,A
Skybolt ALBM,DAC,1.0,2.0,12.0,0.91,5.1,111.0,A
Ghaznavi,PKPMO,1.0,1.0,9.1,0.88,6.2,,B
OS-X0,LYK,1.0,1.0,8.4,0.88,4.6,90.0,B
OS-X1,LYK,1.0,1.0,8.4,0.88,4.6,90.0,B
OS-M1,LYK,1.0,4.0,19.0,0.88,20.0,90.0,O
DF-11,SANJ,1.0,1.0,11.3,0.88,6.3,90.0,B
DF-11M,SANJ,1.0,1.0,13.3,0.88,8.0,90.0,B
Elbrus,MAK,1.0,1.0,11.3,0.88,6.3,90.0,B
Shahab 1,MAK,1.0,1.0,11.3,0.88,6.3,90.0,B
Shahab 2,MAK,1.0,1.0,11.3,0.88,6.1,90.0,B
Qiam 1,MAK,1.0,1.0,10.6,0.88,6.1,90.0,B
Scud B,MAK,1.0,1.0,11.3,0.88,6.3,90.0,B
R-17,VOTK,1.0,1.0,9.0,0.88,5.4,93.0,B
R-17VTO,MAK,1.0,1.0,9.0,0.88,5.4,93.0,B
Al Abbas,IQ,1.0,1.0,13.2,0.88,7.8,90.0,B
Al Hussein,IQ,1.0,1.0,12.2,0.88,6.3,90.0,B
Al Hijara,IQ,1.0,1.0,11.9,0.88,6.3,90.0,B
Short Al Hussein,IQ,1.0,1.0,11.6,0.88,6.3,90.0,B
Scud,VOTK,1.0,1.0,11.2,0.88,5.5,90.0,B
Hwasong 5,KPA,1.0,1.0,10.0,0.88,5.0,90.0,B
Hwasong 6,KPA,1.0,1.0,10.0,0.88,5.0,90.0,B
Hwasong 9,KPA,1.0,1.0,16.0,0.88,5.0,255.0,B
Burkan-1H,ANSAL,1.0,1.0,10.0,0.88,5.0,90.0,B
Burkan-2H,ANSAL,1.0,1.0,10.0,0.88,5.0,90.0,B
Zulfiqar,ANSAL,1.0,1.0,10.0,0.88,5.0,90.0,B
R-11,OKB1,1.0,1.0,7.4,0.88,4.6,80.0,B
R-11M,OKB1,1.0,1.0,7.4,0.88,4.6,80.0,B
R-11FM,OKB1,1.0,1.0,8.4,0.88,4.6,93.0,B
R-11A,OKB1,1.0,1.0,10.2,0.88,4.6,80.0,B
R-11A-MV,OKB1,1.0,1.0,10.0,0.88,5.0,80.0,B
Wasserfall,WEHR,1.0,1.0,7.8,0.88,3.5,80.0,A
Hermes A-1,GEMTS,1.0,1.0,7.8,0.86,3.0,71.0,A
Viking,NRL,1.0,1.0,14.9,0.81,4.5,93.0,R
Topaze VE111,SEREB,1.0,1.0,7.1,0.8,2.8,120.0,V
Topaze VE111L,SEREB,1.0,1.0,7.9,0.8,3.4,147.0,V
Agate,SEREB,1.0,1.0,8.5,0.8,3.2,186.0,Q
Rubis,SEREB,1.0,2.0,9.6,0.8,4.0,186.0,R
MD-620,DASST,1.0,1.0,13.4,0.8,6.5,,B
Jericho,IAI,1.0,2.0,13.4,0.8,6.5,,B
Jericho-1,IAI,1.0,1.0,9.0,0.8,6.0,,B
Arrow 2,IAI,1.0,2.0,6.3,0.8,2.5,,A
HIBEX,BOKT,1.0,1.0,5.2,0.79,6.0,,T
Upstage,MDAC,1.0,2.0,5.2,0.79,6.0,,T
ARPAT,RAYTH,0.0,2.0,8.0,0.79,4.0,,T
RV-A-10,GEMTS,1.0,1.0,6.2,0.79,3.5,140.0,T
Sergeant,JPL,1.0,1.0,5.1,0.79,2.3,220.0,R
High Virgo WS199C,CONV,0.0,1.0,9.4,0.79,5.5,220.0,M
Polaris TV,LVN,1.0,1.0,8.0,0.79,5.0,220.0,T
Polaris FTV-5,LMSC,1.0,2.0,10.1,0.79,5.0,,R
Journeyman,AEROL,0.0,4.0,18.9,0.79,6.3,,R
Bold Orion,MARTB,0.0,1.0,11.3,0.79,,,R
Storm,OSCC,1.0,2.0,,0.79,6.0,,M
Sergeant Hydac,SDCO,1.0,2.0,13.8,0.79,4.8,,R
Draco,MCDA,1.0,2.0,14.0,0.79,,,Q
X-17,LVN,1.0,3.0,12.3,0.79,3.4,220.0,V
Polaris FTV-3,LVN,1.0,3.0,12.3,0.79,3.4,220.0,V
Polaris FTV-1,LMSC,1.0,1.0,10.1,0.79,5.0,,R
Shotput,PARD,0.0,2.0,9.9,0.79,5.1,220.0,X
Sergeant 5-stage,PARD,1.0,5.0,14.0,0.79,,230.0,Q
Castor,THKX,1.0,1.0,8.0,0.79,,235.0,R
Blue Scout Jr,LTV,1.0,4.0,12.4,0.79,5.8,222.0,R
Blue Scout Jr SLV-1B(m),LTV,1.0,3.0,12.0,0.79,5.8,222.0,R
Blue Scout Jr SLV-1C,LTV,1.0,3.0,12.4,0.79,5.8,222.0,R
RAM A,UNK,0.0,4.0,,0.79,,,R
RAM B,UNK,1.0,3.0,12.6,0.79,6.0,235.0,R
Strypi,SAND,0.0,1.0,,0.79,,,R
Swik A,SAND,0.0,2.0,11.0,0.79,5.9,,R
Strypi II,SAND,0.0,1.0,11.3,0.79,5.5,586.0,R
Strypi IIR,SAND,0.0,1.0,11.3,0.79,5.5,586.0,R
Strypi IIAR,SAND,0.0,1.0,,0.79,,586.0,R
Strypi IV,SAND,0.0,2.0,9.3,0.79,,586.0,R
Strypi IVA,SAND,0.0,2.0,9.3,0.79,,586.0,R
Strypi IVR,SAND,0.0,2.0,9.3,0.79,,586.0,R
Strypi VI,SAND,0.0,3.0,,0.79,,,R
Strypi VIIAR,SAND,0.0,3.0,,0.79,,,R
Strypi VIIR,SAND,0.0,3.0,11.2,0.79,4.6,499.0,R
Strypi VIIIR,SAND,0.0,2.0,11.2,0.79,4.6,499.0,R
Strypi IX,SAND,1.0,2.0,,0.79,,,R
Strypi XI,SAND,0.0,3.0,,0.79,,,R
DOT,UNK,0.0,2.0,11.6,0.79,5.5,586.0,R
Athena,ATLR,0.0,4.0,15.2,0.79,7.2,586.0,M
WASP,LARC,0.0,2.0,14.7,0.79,6.8,580.0,R
Castor Lance,UNK,0.0,2.0,15.1,0.79,5.8,,R
Castor-Recruit,UNK,1.0,2.0,,0.79,,,R
Trailblazer 2,UNK,0.0,4.0,15.7,0.79,6.1,547.0,R
Astrobee 1500,AJSP,0.0,2.0,10.4,0.79,5.2,566.0,R
Scanner,UNK,0.0,3.0,,0.79,,550.0,R
Xaero,MASTEN,1.0,1.0,4.6,0.77,1.0,,R
D-21B,LAC,1.0,2.0,13.1,0.77,,,R
RTV-A-2,CONV,1.0,1.0,9.6,0.76,1.3,35.0,T
Corporal,SUEL,1.0,1.0,14.0,0.76,5.4,89.0,A
Corporal Type 1,SUEL,1.0,1.0,14.0,0.76,5.4,89.0,A
Corporal E,JPL,1.0,1.0,14.0,0.76,4.5,89.0,T
Talos,APL,1.0,1.0,9.8,0.76,3.5,,A
HPB,SDCO,1.0,2.0,14.4,0.76,9.0,,R
Talos Castor,SDCO,1.0,2.0,16.9,0.76,8.2,,R
Talos Terrier,DNA,1.0,2.0,10.0,0.76,,,R
Talos Terrier Oriole,NASA,1.0,3.0,19.8,0.76,,,R
SRBM T4-G,MDA,1.0,2.0,14.0,0.76,,,R
LCLV,SDCO,1.0,3.0,16.5,0.76,6.9,,R
Talos Sergeant Hydac,SDCO,1.0,3.0,17.3,0.76,6.1,,R
TATER,SAMSO,1.0,3.0,12.3,0.76,,,Q
Starbird,SDCO,1.0,4.0,17.5,0.76,7.4,,R
Super Chief I,AJSP,1.0,2.0,14.7,0.76,4.7,516.0,R
Super Chief II,AJSP,1.0,2.0,14.7,0.76,4.7,516.0,R
Talos Terrier Peregrine,MSFC,1.0,3.0,14.0,0.46,1.0,,R
Oriole III,DTI,1.0,3.0,14.0,0.46,1.0,258.0,R
Oriole IV,NASA,1.0,4.0,19.8,0.76,,,R
Black Brant XI,BAL,1.0,3.0,17.0,0.76,5.3,489.0,R
Black Brant XII,BAL,1.0,4.0,17.0,0.76,5.3,489.0,R
Black Brant XIA,BAL,1.0,3.0,17.0,0.76,5.3,489.0,R
Black Brant XIIA,BAL,1.0,4.0,17.0,0.76,5.3,489.0,R
NOTS EV1,NOTS,0.0,5.0,4.4,0.76,0.9,125.0,O
Al Samoud 2,IQMIC,1.0,1.0,7.2,0.76,2.0,,R
OTRAG,OTR,1.0,1.0,10.3,0.76,,,T
Lambda 2,ISAS,0.0,2.0,15.5,0.74,6.3,970.0,R
Lambda 3,ISAS,0.0,3.0,17.4,0.74,7.0,970.0,R
Lambda 3H,ISAS,0.0,3.0,16.5,0.74,8.2,970.0,R
Lambda 4S,ISAS,0.0,4.0,16.5,0.74,9.4,970.0,O
Lambda 4SC,ISAS,0.0,4.0,16.5,0.74,9.4,970.0,X
Lambda 4T,ISAS,0.0,4.0,16.5,0.74,9.4,970.0,X
ST-735,ISAS,1.0,2.0,14.0,0.74,7.4,,R
NAL-735,NAL,1.0,1.0,10.0,0.74,4.7,250.0,T
Shaurya,DRDO,1.0,2.0,10.0,0.74,6.2,,R
Kontakt,FAKEL,1.0,3.0,10.0,0.74,4.5,,R
VLS-R1,IAE,1.0,2.0,6.0,0.72,1.0,120.0,T
Pedro Recruit,UNK,1.0,2.0,7.8,0.71,,244.0,T
Arrow 3,IAI,1.0,2.0,11.0,0.7,1.5,,A
HIMES Rockoon,NISST,0.0,1.0,3.5,0.7,0.5,,T
Apollo LES,NAA,1.0,1.0,10.2,0.66,2.5,690.0,T
KN-02,KPA,1.0,1.0,6.4,0.65,2.0,,M
Tochka,KBM,1.0,1.0,6.4,0.65,2.0,,M
Tochka-U,KBM,1.0,1.0,6.4,0.65,2.0,,M
ZUR-215,NPOL,1.0,1.0,10.7,0.65,2.3,490.0,R
V-750,FAKEL,0.0,1.0,10.7,0.65,2.3,490.0,R
Qahir-1,FAKEL,0.0,1.0,11.0,0.65,2.3,490.0,R
Qahir-M2,FAKEL,0.0,1.0,11.0,0.65,2.3,490.0,R
Sabre Zombie,SMDC,1.0,1.0,6.0,0.61,1.0,57.0,R
Pathfinder Zombie,SMDC,1.0,1.0,4.0,0.61,1.0,57.0,R
ATACMS,SMDC,1.0,1.0,5.0,0.61,1.0,57.0,R
X-51A,BNAP,0.0,2.0,7.7,0.61,1.8,180.0,T
B-611,SANJ,1.0,1.0,7.0,0.6,2.0,90.0,B
TP 0.1,,1.0,1.0,6.0,0.6,1.0,,R
TP 0.2,,1.0,2.0,8.0,0.6,1.0,,R
SR 0.1,,1.0,2.0,8.0,0.6,1.0,,R
K-BATS,HANWHA,1.0,1.0,4.0,0.6,1.5,,M
KN-24,KP,1.0,1.0,5.5,0.6,1.5,,M
Badr-1,FAKEL,1.0,1.0,5.0,0.6,2.0,,M
Grad,FAKEL,1.0,1.0,5.0,0.6,2.0,,M
NOTS EV2,NOTS,0.0,2.0,4.9,0.61,1.3,,X
GFV,NOTS,0.0,2.0,4.9,0.61,1.3,,X
HYSR,LMSC,1.0,1.0,18.0,0.61,,270.0,R
LS-C,MHITO,1.0,2.0,10.3,0.6,2.3,,R
Seliger 1,DRG,1.0,1.0,3.4,0.6,0.5,49.0,R
Seliger 2,DRG,1.0,2.0,6.0,0.6,1.5,49.0,R
Seliger 3,DRG,1.0,3.0,12.8,0.6,3.0,49.0,R
Javelin,AEROL,1.0,4.0,14.8,0.58,3.4,365.0,R
Trailblazer 1,PARD,1.0,6.0,17.1,0.58,3.4,365.0,R
Taurus Orion,WFF,1.0,2.0,10.1,0.58,2.0,457.0,R
Taurus Tomahawk,WFF,1.0,2.0,9.4,0.58,1.6,457.0,R
Taurus Nike Tomahawk,WFF,1.0,3.0,12.0,0.58,2.2,457.0,R
Taurus,WFF,1.0,1.0,5.0,0.58,1.5,457.0,T
Taurion,WFF,1.0,1.0,5.0,0.58,1.5,7.0,T
Exos,UMI,1.0,3.0,12.9,0.58,2.6,365.0,R
Strongarm,UMI,1.0,5.0,17.1,0.58,3.3,365.0,R
Honest John,ORDRSA,1.0,1.0,5.0,0.58,1.5,365.0,T
Father John,ORDRSA,0.0,1.0,5.0,0.58,1.5,365.0,T
Improved Honest John,DAC,1.0,1.0,4.1,0.58,1.5,,M
HJ,ORDRSA,1.0,1.0,5.0,0.58,1.5,365.0,T
HJ Hydac,SDCO,1.0,2.0,11.3,0.58,2.6,365.0,R
HJ Orion,UNK,1.0,2.0,12.6,0.58,2.0,365.0,R
HJ Javelin,SDCO,1.0,2.0,9.1,0.58,1.7,365.0,R
HJ Nike,SDCO,1.0,2.0,14.3,0.58,2.7,365.0,R
HJ Nike Hydac,SDCO,1.0,3.0,14.3,0.58,2.9,365.0,R
HJ Nike Javelin,SDCO,1.0,3.0,13.4,0.58,2.8,365.0,R
HJ Nike Gosling,PARD,1.0,3.0,10.0,0.58,,365.0,Q
HJ Nike Nike,PARD,1.0,3.0,10.0,0.58,,365.0,R
"HJ Nike Nike 20""SM",PARD,1.0,4.0,12.0,0.58,3.2,365.0,R
HJ Nike T40,PARD,1.0,3.0,12.0,0.58,,365.0,Q
HJ Nike T40 T55,PARD,1.0,4.0,12.0,0.58,,365.0,Q
HJ Nike Tri-Deacon T40,PARD,1.0,4.0,12.0,0.58,,365.0,Q
HJ Nike Nike Recruit,PARD,1.0,4.0,10.0,0.58,1.3,365.0,Q
HJ Nike Nike Recruit T55,PARD,1.0,5.0,10.9,0.58,1.3,365.0,Q
HJ PRV,PARD,1.0,4.0,12.0,0.58,,365.0,R
Jason,AEROL,1.0,5.0,17.5,0.58,3.4,365.0,R
X-7A-1,LVN,1.0,2.0,2.1,0.61,3.6,,C
Fateh-110,IR,1.0,1.0,9.0,0.61,1.0,,M
M-600,SYMC,1.0,1.0,9.0,0.61,1.0,,M
Zelzal,IR,1.0,1.0,10.0,0.61,0.9,,R
Kavoshgar K110,IR,1.0,1.0,10.0,0.61,0.9,,R
Lance,LTVM,1.0,1.0,6.2,0.56,,,M
Sonda 3,IAE,1.0,2.0,8.0,0.56,1.5,102.0,R
VS-30,INPE,1.0,1.0,5.0,0.56,1.4,102.0,R
VSB-30,INPE,1.0,2.0,12.0,0.56,2.6,102.0,R
VS-30/Orion,INPE,1.0,2.0,7.0,0.56,1.8,102.0,R
VS-31/Orion,IAE,1.0,2.0,8.0,0.56,1.8,102.0,R
VS-31/Imp. Malemute,IAE,1.0,2.0,8.0,0.56,2.7,102.0,R
ATV,VSSC,1.0,2.0,10.3,0.56,3.0,120.0,R
RH-560/300 Mk II,VSSC,1.0,2.0,9.1,0.56,1.3,76.0,R
RH-560S,VSSC,1.0,1.0,5.9,0.56,1.5,119.0,R
RH-560,VSSC,1.0,2.0,8.4,0.56,1.3,76.0,R
RH-560/LPR-3T,VSSC,1.0,2.0,10.0,0.56,2.5,119.0,R
Berenice,ONERA,1.0,4.0,12.3,0.56,3.4,170.0,V
Titus,ONERA,1.0,2.0,11.6,0.56,3.4,170.0,V
Tibere,ONERA,1.0,3.0,14.2,0.56,4.6,170.0,V
Tacite,ONERA,1.0,1.0,7.8,0.56,2.0,170.0,V
OPd-56-39-22D,ONERA,1.0,4.0,12.2,0.56,1.8,200.0,R
Antares,ONERA,1.0,4.0,12.2,0.56,1.8,200.0,R
Dragon,SUD,1.0,2.0,7.0,0.56,1.2,75.0,R
Dragon 2B,SUD,1.0,2.0,7.0,0.56,1.2,97.0,R
Dragon 3,SUD,1.0,2.0,7.3,0.56,1.3,97.0,R
Hatf I,SUPA,1.0,1.0,5.3,0.56,1.1,97.0,R
Dauphin,SUD,1.0,1.0,5.3,0.56,1.1,97.0,R
Eridan,CNES,1.0,2.0,8.3,0.56,2.1,97.0,R
Hatf II,SUPA,1.0,2.0,8.3,0.56,2.1,97.0,R
SE4400,SUD,1.0,1.0,8.1,0.56,1.2,,A
VE10A Aigle,UNK,1.0,1.0,8.0,0.55,2.3,,Q
VE10 Aigle,UNK,1.0,1.0,8.0,0.55,2.3,,Q
Stataltex,NORD,1.0,1.0,9.9,0.56,1.7,,C
Vega Statoreacteur,NORD,1.0,1.0,9.9,0.56,1.7,,C
Veronique R,LRBA,1.0,1.0,7.3,0.55,1.3,40.0,T
Veronique,LRBA,1.0,1.0,7.3,0.55,1.3,40.0,R
Veronique AGI,LRBA,1.0,1.0,7.1,0.55,1.3,40.0,R
Veronique 61,LRBA,1.0,1.0,9.5,0.55,1.9,60.0,R
Veronique 61M,LRBA,1.0,1.0,9.5,0.55,1.9,60.0,R
Veronique P2,LRBA,1.0,1.0,6.0,0.55,0.5,20.0,T
Veronique P6,LRBA,1.0,1.0,6.0,0.55,0.5,20.0,T
Sounding Rocket,NSPO,1.0,2.0,8.0,0.55,2.0,,R
Luna-M,MITT,1.0,1.0,9.4,0.54,2.5,,M
SM-3,USN,1.0,3.0,7.9,0.53,1.3,,R
SM-3-IB,USN,1.0,3.0,7.9,0.53,1.3,,R
SM-3-IIA,USN,1.0,3.0,7.9,0.53,1.3,,R
SM-2-IV,USN,1.0,2.0,7.9,0.53,1.3,,A
SM-6,USN,1.0,2.0,7.9,0.53,1.3,,A
Hades,AELM,1.0,1.0,7.5,0.53,1.9,,B
Black Sparrow,IAI,0.0,1.0,4.8,0.53,1.2,,B
Blue Sparrow,IAI,0.0,1.0,6.5,0.53,1.9,,B
Silver Sparrow,IAI,0.0,1.0,8.4,0.53,3.1,,B
Al Samoud,IQMIC,1.0,1.0,7.7,0.5,1.5,,R
Al Fatah,FATAH,1.0,1.0,6.5,0.5,1.6,,R
Cedre 3,LRS,1.0,3.0,6.8,0.52,1.2,,R
Cedre 4,LRS,1.0,3.0,7.0,0.52,1.2,,R
S-520,NISST,1.0,1.0,9.4,0.52,2.2,143.0,R
SS-520,NISST,1.0,2.0,9.7,0.52,2.6,,R
TT-500,NASDA,1.0,2.0,10.5,0.5,2.2,,R
TT-500A,NASDA,1.0,2.0,10.5,0.5,2.2,,R
48N6,FAKEL,1.0,1.0,7.5,0.5,1.8,,R
JCR,NASDA,1.0,2.0,10.3,0.51,2.3,133.0,X
Momo,IST,1.0,1.0,8.5,0.5,0.9,,R
Hydra Sandhawk,NOTS,1.0,2.0,10.0,0.5,1.2,,R
STIG-B,ARMAD,1.0,1.0,10.4,0.51,0.7,22.0,R
SARGE,EXOSA,1.0,1.0,11.0,0.51,1.1,24.0,R
K-15,DRDO,1.0,2.0,11.0,0.5,4.0,,R
E-8-5 VA,NPOL,1.0,1.0,2.3,0.5,0.8,,D
Long Tom,WRE,1.0,2.0,8.3,0.47,0.9,190.0,R
HAT,WRE,1.0,2.0,5.0,0.47,0.5,,W
Nike T48 Ajax,DAC,1.0,2.0,8.0,0.46,1.3,190.0,A
SM-2,USN,1.0,2.0,7.9,0.53,1.3,,A
SM-1ER,GDPO,1.0,2.0,8.0,0.46,1.3,258.0,A
Hugo,NMSU,1.0,2.0,10.0,0.46,1.3,,A
Terrier Sandhawk,SAND,1.0,2.0,11.4,0.46,,258.0,R
ARAV-ER,KRAT,1.0,3.0,14.0,0.46,1.0,258.0,R
Oriole II,DTI,1.0,2.0,11.0,0.46,1.0,258.0,R
Terrier Oriole,DTI,1.0,2.0,11.0,0.46,1.0,258.0,R
Oriole IIIA,DTI,1.0,3.0,14.0,0.46,1.0,258.0,R
Terrier Terrier Oriole,DTI,1.0,3.0,14.0,0.46,1.0,258.0,R
MRBM T4-E,DTI,1.0,3.0,14.0,0.46,1.0,258.0,R
Terrier Mk 70 Oriole,DTI,1.0,2.0,11.0,0.46,1.0,258.0,R
SRBM T4-B,DTI,1.0,2.0,11.0,0.46,1.0,258.0,R
Terrier,ORDRSA,1.0,1.0,6.0,0.46,1.3,258.0,T
Terrier Mk 70 Peregrine,MSFC,1.0,2.0,17.0,0.46,2.2,,R
Terrier Malemute,SAND,1.0,2.0,12.7,0.46,1.6,258.0,R
Terrier Imp Malemute,GSFC,1.0,2.0,12.7,0.46,1.6,258.0,R
Terrier/551,NOTS,1.0,2.0,8.4,0.46,1.3,258.0,R
Terrier LEAP,BMDO,1.0,3.0,10.0,0.46,1.3,258.0,A
Terrier ASAS,BMDO,1.0,2.0,12.0,0.46,1.3,258.0,A
Terrier Hydac,DACC,1.0,2.0,10.0,0.46,,258.0,R
Terrier Nike,SAND,1.0,2.0,9.8,0.46,1.1,258.0,A
Terrier Asp IV,UNK,1.0,2.0,10.0,0.46,1.1,258.0,R
Terrier Asp,UNK,1.0,2.0,10.0,0.46,1.1,258.0,R
Terrier Orion,UNK,1.0,2.0,12.8,0.46,1.3,258.0,R
Terrier Mk 70 Orion,UNK,1.0,2.0,12.8,0.46,1.3,258.0,R
Terrier Improved Orion,UNK,1.0,2.0,12.8,0.46,1.3,258.0,R
Terrier Mk 12 Imp Orion,UNK,1.0,2.0,12.8,0.46,1.3,258.0,R
Terrier Mk 70 Imp Orion,UNK,1.0,2.0,12.8,0.46,1.3,258.0,R
Terrier Tomahawk,SAND,1.0,2.0,9.0,0.46,1.1,258.0,R
Boosted Zombie,SMDC,1.0,2.0,6.0,0.46,1.0,258.0,R
Terrier Lynx,NAWC,1.0,2.0,9.0,0.46,1.3,258.0,R
Terrier ASROC Cajun,NOTS,1.0,3.0,11.0,0.46,1.4,258.0,R
Terrier Recruit,WFC,1.0,2.0,5.0,0.46,1.0,258.0,R
Coyote,OSCC,1.0,1.0,9.5,0.46,1.0,258.0,R
Black Brant IX,BAL,1.0,2.0,12.2,0.46,2.2,257.0,R
Black Brant IXB,BAL,1.0,2.0,12.2,0.46,2.2,257.0,R
Black Brant 9BM1,BAL,1.0,2.0,12.2,0.46,2.2,257.0,R
Black Brant 9CM1,BAL,1.0,2.0,12.2,0.46,2.2,257.0,R
Black Brant X,BAL,1.0,3.0,14.5,0.46,2.6,257.0,R
Black Brant XB,BAL,1.0,3.0,14.5,0.46,2.6,257.0,R
Black Brant 10CM1,BAL,1.0,3.0,14.5,0.46,2.6,257.0,R
SRAM,BOUT,1.0,1.0,4.3,0.46,1.0,,C
ASAT,LTV,1.0,2.0,5.4,0.46,1.2,,M
Farside,AENUT,1.0,4.0,7.3,0.46,0.9,667.0,R
NATIV,NAAD,1.0,1.0,4.1,0.46,0.6,12.0,T
MR-12,TAIFUN,1.0,1.0,8.8,0.45,1.4,100.0,R
MR-20,TAIFUN,1.0,1.0,9.0,0.45,1.6,100.0,R
MR-25,TAIFUN,1.0,1.0,9.0,0.45,1.6,100.0,R
MR-30,TAIFUN,1.0,1.0,8.0,0.45,1.6,100.0,R
MN-300,TAIFUN,1.0,1.0,8.0,0.45,1.6,100.0,R
Tianying-3C,CSSAR,1.0,1.0,6.4,0.45,1.1,,R
Tianying-3E,CSSAR,1.0,1.0,6.4,0.45,1.1,,R
Tianying-3F,CSSAR,1.0,2.0,9.1,0.45,1.6,,R
T-7,SIMED,0.0,1.0,9.6,0.45,1.1,,W
T-7A,SIMED,0.0,1.0,10.3,0.45,1.1,,R
T-7A-S2,SIMED,0.0,1.0,10.0,0.45,1.3,,R
T-7A-S,SIMED,0.0,1.0,10.3,0.45,1.2,,R
T-7M,SIMED,0.0,1.0,5.3,0.45,0.2,2.0,T
T-7/GF-01A,SIMED,0.0,2.0,10.0,0.45,1.5,,R
Black Brant I,CARDE,1.0,1.0,8.4,0.44,1.0,111.0,R
Black Brant II,CARDE,1.0,1.0,8.4,0.44,1.0,111.0,R
Black Brant IIB,CARDE,1.0,1.0,8.4,0.44,1.0,89.0,R
Black Brant IVA,BAL,1.0,2.0,12.0,0.44,1.4,111.0,R
Black Brant IVB,BAL,1.0,2.0,12.0,0.44,1.4,111.0,R
Black Brant VA,BAL,1.0,1.0,8.3,0.44,1.1,111.0,R
Black Brant VB,BAL,1.0,1.0,8.3,0.44,1.2,68.0,R
Black Brant VC,BAL,1.0,1.0,8.3,0.44,1.3,68.0,R
Black Brant 8B,BAL,1.0,2.0,11.9,0.44,2.0,196.0,R
Black Brant 8C,BAL,1.0,2.0,11.9,0.44,2.0,196.0,R
Skylark,RAE,1.0,1.0,7.5,0.44,1.1,44.0,R
Skylark 1,BAC,1.0,1.0,10.8,0.44,1.2,50.0,R
Skylark 2,BAC,1.0,2.0,12.7,0.44,1.5,80.0,R
Skylark 2 AC,BAC,1.0,2.0,12.7,0.44,1.5,80.0,R
Skylark 3,BAC,1.0,2.0,12.7,0.44,1.7,80.0,R
Skylark 3 AC,BAC,1.0,2.0,12.7,0.44,1.7,80.0,R
Skylark 4,BAC,1.0,2.0,13.2,0.44,1.9,191.0,R
Skylark 4 AC,BAC,1.0,2.0,13.2,0.44,1.9,191.0,R
Skylark 6,BAC,1.0,2.0,13.2,0.44,1.9,191.0,R
Skylark 6 AC,BAC,1.0,2.0,13.2,0.44,1.9,191.0,R
Skylark 7,BAC,1.0,2.0,12.2,0.44,2.1,191.0,R
Skylark 7 AC,BAC,1.0,2.0,12.2,0.44,2.0,191.0,R
Skylark 12,BAC,1.0,3.0,13.0,0.44,2.1,191.0,R
Skylark 12 AC,BAC,1.0,3.0,13.0,0.44,2.1,191.0,R
Skylark 10A,RAE,1.0,2.0,6.0,0.44,0.8,130.0,R
Jaguar 1,WRE,1.0,3.0,11.9,0.44,1.7,,Q
Jabiru,RAE,1.0,3.0,11.9,0.44,1.7,,Q
Jaguar 2,RAE,1.0,3.0,12.9,0.44,2.2,,Q
Jabiru 3,RAE,1.0,2.0,12.7,0.44,2.0,,Q
Rook,RAE,1.0,1.0,5.0,0.44,1.2,,Q
Rook IIIA,RAE,1.0,1.0,5.0,0.44,1.2,,Q
Leopard,RAE,1.0,2.0,6.0,0.44,1.5,,Q
Blue Water,EELEC,1.0,2.0,7.6,0.44,1.4,196.0,M
RX-420,LAPAN,1.0,1.0,6.2,0.42,1.0,,R
Kappa 7,ISAS,1.0,1.0,6.7,0.42,1.2,,T
Kappa 8,ISAS,1.0,2.0,10.9,0.42,1.5,,R
Kappa 9M,ISAS,1.0,2.0,11.1,0.42,1.5,,R
Kappa 9L,ISAS,1.0,3.0,12.5,0.42,1.6,,R
Kappa 10,ISAS,1.0,2.0,9.8,0.42,1.8,,R
Kappa 10C,ISAS,1.0,2.0,10.0,0.42,,,R
Kappa 10S,ISAS,1.0,3.0,10.0,0.42,,,R
Nike,ABL,1.0,1.0,6.0,0.42,0.7,217.0,A
Nike-480,DACC,1.0,2.0,6.0,0.42,0.7,217.0,A
Nike-482,DACC,1.0,2.0,6.0,0.42,0.7,217.0,A
Nike-484,DACC,1.0,2.0,6.0,0.42,0.7,217.0,A
Nike-490,DACC,1.0,2.0,6.0,0.42,0.7,217.0,A
Nike Ajax,WELEC,1.0,2.0,10.8,0.42,1.1,217.0,A
Nike X201 Ajax,WELEC,1.0,2.0,10.8,0.42,1.1,217.0,A
Nike Nike,AFCRL,1.0,2.0,11.9,0.42,1.4,217.0,T
Nike Cree,AFCRL,1.0,3.0,14.0,0.42,1.4,217.0,T
Nike Recruit,PARD,1.0,2.0,8.0,0.42,1.1,217.0,Q
Nike Tomahawk,SAND,1.0,2.0,10.8,0.42,1.0,217.0,R
Nike Deacon,PARD,1.0,2.0,7.8,0.42,,217.0,R
Nike Nike HPAG,PARD,1.0,3.0,9.0,0.42,,217.0,Q
Nike Nike T40,PARD,1.0,3.0,9.0,0.42,,217.0,Q
Nike T40 T55,PARD,1.0,3.0,9.0,0.42,,217.0,Q
Nike Nike T40 T55,PARD,1.0,4.0,9.0,0.42,,217.0,R
Nike Nike Tri-Deacon T40,PARD,1.0,4.0,9.0,0.42,,217.0,Q
Nike Nike Deacon,PARD,1.0,3.0,9.0,0.42,,217.0,Q
Mach 5 TV,SAND,1.0,2.0,7.0,0.42,,217.0,Q
Nike Yardbird,UMI,1.0,2.0,8.1,0.42,,217.0,R
Nike Cajun,UMI,1.0,2.0,8.1,0.42,0.7,217.0,R
Nike Nike Cajun,UMI,1.0,3.0,8.1,0.42,0.7,217.0,R
Nike Apache,SAND,1.0,2.0,8.6,0.42,0.8,217.0,R
Nike Orion,UNK,1.0,2.0,9.0,0.42,1.1,217.0,R
Nike Improved Orion,UNK,1.0,2.0,9.0,0.42,1.1,217.0,R
Nike Hawk,UNK,1.0,2.0,9.0,0.42,1.1,217.0,R
Nike Malemute,UNK,1.0,2.0,8.6,0.42,1.0,217.0,R
Nike Asp,COOP,1.0,2.0,7.9,0.42,0.7,217.0,R
Nike Hydac,SDCO,1.0,2.0,9.1,0.42,0.9,217.0,R
Nike Iroquois,AJSP,1.0,2.0,8.0,0.42,0.7,217.0,R
Nike Javelin,UNK,1.0,2.0,8.2,0.42,0.9,217.0,R
Nike Viper I,SAND,1.0,2.0,8.0,0.42,0.6,217.0,R
Terrier Viper I,NOTS,1.0,2.0,8.0,0.42,0.6,217.0,R
Nike Nike Recruit,LARC,1.0,3.0,9.0,0.42,,217.0,R
Aerobee 170A,AJGC,1.0,2.0,12.4,0.42,1.5,217.0,R
Aerobee 170B,AJGC,1.0,2.0,12.4,0.42,1.5,225.0,R
Aerobee 170,AJGC,1.0,2.0,12.6,0.42,1.4,225.0,R
Aerobee 200A,AJGC,1.0,2.0,12.6,0.42,1.6,225.0,R
Aerobee 200,AJGC,1.0,2.0,12.6,0.42,1.6,225.0,R
Aerobee 350,AJGC,1.0,2.0,15.9,0.42,3.6,217.0,R
Astrobee 200,AJSP,1.0,2.0,6.3,0.42,0.8,161.0,R
AAD,HAL,1.0,1.0,7.5,0.42,1.3,,B
Prahaar,HAL,1.0,1.0,7.5,0.42,1.3,,B
KSR-I,KARI,1.0,1.0,6.7,0.42,1.2,86.0,T
KSR-II,KARI,1.0,2.0,6.7,0.42,2.0,298.0,R
Aeolus,WRE,1.0,2.0,6.6,0.41,0.5,80.0,T
Malemute,SAND,1.0,1.0,2.4,0.41,0.8,57.0,R
Improved Malemute,GSFC,1.0,1.0,2.4,0.41,0.8,57.0,R
IM/VS-30,DLR,1.0,2.0,5.0,0.41,,,R
Martlet 1,SRCI,1.0,1.0,1.7,0.41,0.2,,R
Martlet 2,SRCI,1.0,1.0,1.7,0.41,0.2,,R
Martlet 2C,SRCI,1.0,1.0,1.7,0.41,0.2,,R
Martlet 3A,SRCI,1.0,1.0,1.7,0.41,0.2,,R
Martlet 3B,SRCI,1.0,1.0,1.7,0.41,0.2,,R
Gun Projectile 16-inch,SRCI,1.0,1.0,1.7,0.41,0.2,,R
Zenit,CONTR,1.0,1.0,4.6,0.42,0.7,45.0,R
Daniel,ONERA,1.0,3.0,8.4,0.4,1.0,,R
Doorknob,SAND,1.0,1.0,3.6,0.4,0.5,168.0,T
Nike-46,DAC,1.0,2.0,6.0,0.4,0.7,400.0,A
Nike-47,DAC,1.0,2.0,6.0,0.4,0.7,400.0,A
Nike-481,DAC,1.0,2.0,6.0,0.42,0.7,217.0,A
KN-25,KP,1.0,1.0,5.0,0.4,2.0,,R
STIG-A,ARMAD,1.0,1.0,9.8,0.39,0.7,22.0,R
ISRO-CES,ISRO,1.0,1.0,6.0,0.4,2.0,,R
Astrobee F,AJSP,1.0,1.0,11.5,0.38,1.5,178.0,R
Astrobee 500,AJSP,1.0,3.0,7.8,0.38,0.9,161.0,R
Paiute Tomahawk,THKE,1.0,2.0,5.8,0.38,0.6,140.0,R
Ute Tomahawk,THKE,1.0,2.0,5.2,0.38,0.5,60.0,R
Paiute Apache,THKE,1.0,2.0,4.8,0.38,0.6,140.0,R
Ute Apache,THKE,1.0,2.0,4.2,0.38,0.5,60.0,R
ALARR,AFIT,0.0,1.0,3.1,0.38,0.5,,R
Genie,SAND,1.0,1.0,3.1,0.38,0.5,,R
Genie Genie,SAND,1.0,2.0,3.1,0.38,0.5,,R
F89J/Genie,SAND,0.0,1.0,3.1,0.38,0.5,,R
Jaguar,WFF,0.0,3.0,8.8,0.38,0.8,440.0,R
Aerobee RTV-A-1a,AJ,1.0,2.0,7.9,0.38,0.7,18.0,R
Aerobee RTV-A-1,AJ,1.0,2.0,7.9,0.38,0.7,18.0,R
Aerobee RTV-A-1b,AJ,1.0,2.0,7.9,0.38,0.7,18.0,R
Aerobee RTV-A-1c,AJ,1.0,1.0,7.5,0.38,0.7,18.0,R
Aerobee RTV-N-10a,AJ,1.0,2.0,7.9,0.38,0.7,18.0,R
Aerobee RTV-N-10,AJ,1.0,2.0,7.9,0.38,0.7,18.0,R
Aerobee RTV-N-10b,AJ,1.0,2.0,7.9,0.38,0.7,18.0,R
Aerobee RTV-N-10c,AJ,1.0,2.0,7.9,0.38,0.7,18.0,R
Aerobee RTV-N-8,AJ,1.0,2.0,7.9,0.38,0.7,18.0,R
Aerobee XASR-SC-1,AJ,1.0,2.0,7.9,0.38,0.7,18.0,R
Aerobee XASR-SC-2,AJ,1.0,2.0,7.9,0.38,0.7,18.0,R
Aerobee AJ10-25,AJ,1.0,2.0,7.9,0.38,0.7,18.0,R
Aerobee AJ10-27,AJ,1.0,2.0,7.9,0.38,0.7,18.0,R
Aerobee AJ10-34,AJ,1.0,2.0,7.9,0.38,0.7,18.0,R
Aerobee 100,AJ,1.0,2.0,7.8,0.38,0.7,18.0,R
Seabee,AJ,1.0,1.0,7.0,0.38,0.7,18.0,R
Aerobee,AJ,1.0,2.0,7.9,0.38,0.7,18.0,R
Aerobee Hi,AJ,1.0,2.0,9.5,0.38,0.9,18.0,R
Aerobee 150,AJGC,1.0,2.0,9.3,0.38,0.9,18.0,R
Aerobee 150A,AJGC,1.0,2.0,9.3,0.38,0.9,18.0,R
Aerobee 150 MI,AJGC,1.0,2.0,9.3,0.38,0.9,18.0,R
Aerobee 150A MII,AJGC,1.0,2.0,9.3,0.38,0.9,18.0,R
Aerobee 150 MII,AJGC,1.0,2.0,9.3,0.38,0.9,18.0,R
Aerobee 300,AJGC,1.0,3.0,9.9,0.38,0.9,18.0,R
Aerobee 300A,AJGC,1.0,3.0,9.9,0.38,0.9,18.0,R
Kavoshgar M5,IR,1.0,1.0,6.0,0.36,0.9,,R
Nazeat 6H,IR,1.0,1.0,6.3,0.36,0.9,,R
Nucleus,NAMMO,1.0,1.0,9.0,0.36,0.1,30.0,R
LS-A,MHITO,1.0,2.0,7.5,0.35,0.8,60.0,R
Meteor-2H,PAI,1.0,1.0,4.5,0.35,0.4,24.0,W
Meteor-2K,PAI,0.0,1.0,4.3,0.35,0.4,52.0,R
Aerobee 75,AJ,1.0,1.0,6.0,0.35,0.4,7.0,R
Improved Orion,WFF,1.0,1.0,5.6,0.35,0.4,7.0,R
Orion,WFF,1.0,1.0,5.6,0.35,0.4,7.0,R
Polaris FTV-4,LMSC,1.0,1.0,2.9,0.35,0.1,11.0,R
Iraqi Gun Projectile,SRCI,1.0,1.0,1.5,0.35,0.1,,R
THAAD,LMPCO,1.0,1.0,6.2,0.34,0.9,,B
SM-1MR,GDPO,1.0,1.0,4.5,0.34,0.6,,A
SM-2MR,USN,1.0,1.0,5.0,0.35,1.3,,A
Lynx,USN,1.0,1.0,5.0,0.35,1.3,,A
Kappa 4,ISAS,1.0,2.0,5.9,0.33,0.2,105.0,R
Kappa 5,ISAS,1.0,2.0,5.9,0.33,0.2,105.0,R
Sandhawk,SAND,1.0,1.0,5.1,0.33,0.8,80.0,R
Sandhawk Tomahawk,SAND,1.0,2.0,9.0,0.33,1.0,80.0,R
Gradicom 1,CITED,1.0,1.0,4.5,0.32,0.5,,T
Gradicom 2,CITED,1.0,2.0,7.7,0.32,0.9,,T
RX-320,LAPAN,1.0,1.0,4.7,0.32,0.5,,T
BT-310,ISAS,1.0,1.0,6.0,0.31,0.7,,R
S-310,ISAS,1.0,1.0,6.8,0.31,0.7,,R
Belier,AESPC,1.0,1.0,3.8,0.31,0.4,,R
Belier III,AESPC,1.0,1.0,3.8,0.31,0.4,,R
RH-300,VSSC,1.0,1.0,4.1,0.31,0.3,33.0,R
RH-300 Mk II,VSSC,1.0,1.0,5.9,0.31,0.5,39.0,R
SO-300-200,VSSC,0.0,1.0,6.0,0.31,0.5,38.0,R
Iris,ATLR,0.0,1.0,5.0,0.31,0.6,17.0,R
Hydra-Iris,NWC,0.0,1.0,6.0,0.31,0.8,17.0,R
S-300,ISAS,1.0,1.0,6.0,0.3,0.6,,R
Bullpup Apache,THKE,1.0,2.0,7.0,0.3,0.4,111.0,T
Bullpup Cajun,THKE,1.0,2.0,7.0,0.3,0.4,111.0,T
FTI,AVIB,1.0,1.0,5.0,0.3,0.2,,R
WAC A,JPL,0.0,1.0,7.3,0.3,0.3,,T
WAC B,JPL,0.0,1.0,7.3,0.3,0.3,,T
WAC,JPL,0.0,1.0,7.3,0.3,0.3,,T
Tiny Tim,JPL,1.0,1.0,2.4,0.3,0.1,,T
Sonda 2,IAE,1.0,1.0,5.6,0.3,0.4,36.0,R
VLS-R2,IAE,0.0,1.0,4.3,0.3,1.0,120.0,T
Centaure,SUD,1.0,2.0,5.9,0.28,0.6,44.0,R
Centaure 1,SUD,1.0,2.0,5.9,0.28,0.6,44.0,R
Centaure 2A,SUD,1.0,2.0,5.9,0.28,0.6,44.0,R
Centaure 2B,SUD,1.0,2.0,6.3,0.28,0.5,44.0,R
Centaure 2C,SUD,1.0,2.0,5.9,0.28,0.6,44.0,R
RH-300B,VSSC,1.0,2.0,6.5,0.28,0.6,38.0,R
Tauro,IIAE,1.0,2.0,7.7,0.28,1.2,,R
Rigel,IIAE,1.0,2.0,6.3,0.28,1.0,,R
Canopus 2,IIAE,1.0,1.0,4.0,0.28,0.3,,R
Canopus 1,IIAE,1.0,1.0,4.0,0.28,0.3,,R
Centenario,IIAE,1.0,1.0,4.6,0.28,0.3,,R
Castor (A),IIAE,1.0,2.0,7.0,0.28,0.3,,R
SpaceLoft XL,UPAE,1.0,1.0,6.1,0.27,0.4,,R
Black Brant III,BAL,1.0,1.0,5.5,0.26,0.3,49.0,R
Black Brant IIIB,BAL,1.0,1.0,5.5,0.26,0.3,44.0,R
Gosling-Lobster,WRE,1.0,2.0,5.0,0.26,0.3,,R
INTA-255,INTA,0.0,1.0,6.1,0.26,0.3,22.0,R
HAD,WRE,1.0,2.0,6.1,0.26,0.2,130.0,R
INTA-300,INTA,1.0,2.0,7.3,0.26,0.5,137.0,R
INTA-300B,INTA,1.0,2.0,7.3,0.26,0.5,137.0,R
Fulmar,BAJUK,1.0,2.0,7.5,0.26,0.5,137.0,R
Aero High,WRE,1.0,2.0,6.8,0.26,0.4,99.0,R
Cockatoo,WRE,1.0,2.0,6.2,0.26,0.3,111.0,R
Cockatoo Mk 2,WRE,1.0,2.0,6.3,0.26,0.3,111.0,R
Cockatoo Mk 3,WRE,1.0,2.0,6.3,0.26,0.3,99.0,R
Cockatoo Mk 4,WRE,1.0,2.0,6.3,0.26,0.3,99.0,R
Corella,WRE,1.0,2.0,8.0,0.26,0.4,99.0,R
Hybrid Test Rocket,NAMMO,1.0,1.0,10.6,0.25,0.4,30.0,T
Private A,JPL,0.0,1.0,3.4,0.25,0.3,98.0,R
Private F,JPL,0.0,1.0,3.4,0.25,0.3,98.0,R
Forschungsflugkorper,ERNO,1.0,1.0,4.0,0.25,0.3,,R
CSXT,CSXT,1.0,1.0,6.5,0.25,0.3,,R
K245,ISAS,1.0,1.0,5.6,0.25,0.3,,T
Kappa 6,ISAS,1.0,2.0,5.6,0.25,0.3,,T
Kappa 6H,ISAS,1.0,2.0,6.9,0.25,0.3,,R
Kappa 8L,ISAS,1.0,2.0,7.3,0.25,0.3,,R
S-250,ISAS,1.0,1.0,5.0,0.25,0.2,,T
CB-250/RH-125,VSSC,0.0,1.0,3.5,0.25,0.1,8.0,W
CB-250/LPR-006,VSSC,0.0,1.0,3.5,0.25,0.1,8.0,W
NAL-25,STA,1.0,1.0,,0.25,0.1,,T
M-100,TAIFUN,1.0,2.0,8.3,0.25,0.5,,Y
M-100 (A-1),TAIFUN,1.0,2.0,8.3,0.25,0.5,,Y
M-100A,TAIFUN,1.0,2.0,8.3,0.25,0.5,,Y
M-100B,TAIFUN,1.0,2.0,8.3,0.25,0.5,,Y
RX-250-LPN,LAPAN,1.0,1.0,5.3,0.25,0.3,52.0,T
D-Region Tomahawk,SAND,1.0,1.0,5.0,0.23,0.3,44.0,R
ILR-33 Bursztyn,PAI,0.0,1.0,5.0,0.23,0.3,,R
Tomahawk,SAND,1.0,1.0,5.0,0.23,0.3,44.0,R
Mesquito,WFF,1.0,1.0,5.0,0.23,0.2,,R
Javelin 3,SDCO,1.0,1.0,4.5,0.23,0.2,86.0,R
Recruit,PARD,1.0,1.0,3.0,0.23,0.3,156.0,R
Recruit T55,PARD,0.0,2.0,5.0,0.23,0.4,156.0,R
MX-2227,AEROPH,1.0,2.0,3.9,0.23,0.1,,R
HTV,AEROPH,1.0,2.0,3.9,0.23,0.1,,R
Kappa 2,ISAS,1.0,2.0,5.0,0.22,0.2,,T
Kappa 3,ISAS,1.0,2.0,5.0,0.22,0.2,,T
S-210,NISST,1.0,1.0,5.2,0.21,0.3,,R
Orion-2,IAE,1.0,1.0,4.0,0.21,0.1,,R
Orion-1,IAE,1.0,1.0,4.0,0.21,0.1,,R
Belenos,CFTHB,1.0,2.0,4.9,0.21,0.1,,R
Belisama,CFTHB,1.0,2.0,4.6,0.21,0.1,,R
Grannos,CFTHB,1.0,2.0,4.9,0.21,0.2,,R
TT-210,NASDA,1.0,1.0,6.0,0.21,0.2,,R
TT-200,NASDA,1.0,1.0,6.0,0.2,0.2,,R
RH-200,VSSC,1.0,2.0,3.6,0.2,0.1,17.0,R
RH-200SV,VSSC,1.0,1.0,3.0,0.2,0.1,17.0,R
MMR-06,TAIFUN,1.0,1.0,3.5,0.2,0.1,8.0,W
X-17 HTV,LVN,1.0,3.0,5.0,0.2,0.1,209.0,Q
X-17 QTV,LVN,1.0,3.0,2.5,0.2,0.1,13.0,Q
Traveler,USCLA,1.0,1.0,4.0,0.2,0.1,,R
Cirrus I,DRG,1.0,2.0,4.1,0.2,0.1,5.0,R
Cirrus II,DRG,1.0,2.0,4.1,0.2,0.1,5.0,R
Stratos II+,DARE,1.0,1.0,7.0,0.2,0.2,8.0,R
Stratos III,DARE,1.0,1.0,7.0,0.2,0.2,8.0,R
Proson M1,CITEF,1.0,2.0,3.1,0.2,0.1,,R
Sparoair I,NMC,0.0,2.0,3.7,0.2,0.1,35.0,R
Sparoair II,NMC,0.0,2.0,3.9,0.2,0.1,35.0,R
Sparoair III,NMC,0.0,2.0,3.9,0.2,0.1,35.0,R
Sparrow Arcas,ATLR,1.0,2.0,3.8,0.2,0.1,35.0,R
Cleansweep IIIB,ZIMN,0.0,1.0,3.0,0.2,0.1,16.0,R
Petrel,BAJUK,0.0,1.0,3.3,0.19,0.2,,R
Petrel 2,BAJUK,0.0,1.0,3.7,0.19,0.2,,R
Gun Projectile 7-inch,BRL,1.0,1.0,1.0,0.18,0.2,,R
HAEC,WRE,1.0,2.0,3.5,0.18,0.1,9.0,T
Lorikeet,WRE,1.0,2.0,5.0,0.18,0.1,,R
Lorikeet Mk 2,WRE,1.0,2.0,5.0,0.18,0.1,,R
Astrid,LLL,1.0,1.0,1.9,0.17,0.0,,T
Cleansweep III,ZIMN,1.0,1.0,3.6,0.17,0.1,16.0,W
ASCAMP,COOP,1.0,2.0,5.0,0.17,0.1,42.0,R
Asp,COOP,1.0,1.0,2.7,0.17,0.0,42.0,W
Asp II,COOP,1.0,1.0,2.7,0.17,0.0,42.0,W
Asp III,COOP,0.0,1.0,2.7,0.17,0.0,42.0,W
Asp IV,COOP,1.0,1.0,2.7,0.17,0.0,12.0,Y
Viper-Arrow,SAND,1.0,2.0,5.0,0.17,0.1,24.0,R
Kiva/Hopi,RPI,1.0,2.0,5.5,0.17,0.1,27.0,R
Cajun Dart,SDCO,1.0,1.0,4.1,0.17,0.1,36.0,W
Double Cajun T40,PARD,1.0,2.0,5.0,0.17,0.1,36.0,Q
Pogo Hi,NMSU,1.0,1.0,4.0,0.17,0.1,36.0,Q
Pogo Hi II,NMSU,1.0,1.0,4.0,0.17,0.1,36.0,Q
Pogo Hi III,NMSU,1.0,1.0,4.0,0.17,0.1,36.0,Q
Apache,NMSU,1.0,1.0,4.0,0.17,0.1,,R
Cajun,PARD,1.0,1.0,4.0,0.17,0.1,36.0,Q
S-C,MHITO,1.0,1.0,2.9,0.17,0.1,,R
S-B,MHITO,1.0,1.0,2.8,0.16,0.1,,T
S-A,MHITO,1.0,1.0,2.8,0.16,0.0,,T
S-160,NISST,1.0,1.0,4.0,0.16,0.1,,R
NAL-16,STA,1.0,1.0,4.0,0.16,0.1,10.0,T
Lex,ONERA,1.0,1.0,3.4,0.16,0.0,10.0,R
Monica I,ATEF,1.0,3.0,3.1,0.16,0.1,,R
Monica IV,ATEF,1.0,3.0,5.1,0.16,0.1,,R
Viper V/Dart,OSCC,1.0,1.0,3.4,0.18,0.0,27.0,Y
Viper Falcon,SDCO,1.0,2.0,3.5,0.17,0.0,,Y
Viper,SDCO,1.0,1.0,2.4,0.16,0.0,,Y
Viper-Dart,SDCO,1.0,1.0,3.4,0.16,0.0,,Y
Rockaire,NRL,0.0,1.0,2.7,0.16,0.1,30.0,T
Deacon Rockoon,SUI,0.0,1.0,3.7,0.16,0.1,15.0,R
Terrapin,REP,1.0,2.0,4.5,0.16,0.1,15.0,R
Deacon-Loki Rockoon,SUI,0.0,2.0,5.2,0.16,0.1,15.0,R
ALSOR,FRC,0.0,1.0,3.6,0.16,0.1,,R
Deacon Judi,RPI,1.0,2.0,4.2,0.16,0.1,21.0,R
Kisha Judi,RPI,1.0,2.0,4.2,0.16,0.1,21.0,R
Deacon Arrow II,SAND,1.0,2.0,5.1,0.15,0.1,27.0,R
Deacon Deacon,PARD,1.0,2.0,5.0,0.15,0.1,27.0,Q
Double Deacon,PARD,1.0,1.0,5.0,0.15,0.1,54.0,Q
Tandem Double Deacon,PARD,1.0,2.0,10.0,0.15,0.1,54.0,Q
Triple Deacon,PARD,1.0,1.0,7.0,0.15,0.1,75.0,Q
Triple Deacon HPAG,PARD,1.0,2.0,7.0,0.15,0.1,75.0,Q
Tri-Deacon Deacon HPAG,PARD,1.0,3.0,7.0,0.15,0.2,75.0,Q
Quad Deacon,PARD,1.0,1.0,7.0,0.15,0.1,100.0,Q
Deacon,PARD,1.0,1.0,4.0,0.15,0.1,27.0,Q
Deacon HVAR,PARD,1.0,2.0,4.0,0.15,0.1,27.0,Q
Deacon Sidewinder,PARD,1.0,2.0,4.0,0.15,0.1,27.0,Q
Atea-1,RLABN,1.0,1.0,5.0,0.15,0.1,,R
Icarus,ERAU,1.0,2.0,4.9,0.15,0.1,16.0,R
Hyperion,EAC,1.0,1.0,5.8,0.15,0.1,6.0,T
K150,ISAS,1.0,1.0,4.0,0.15,0.1,,T
Zhinui,NUDTC,1.0,1.0,4.8,0.15,0.1,10.0,R
Arcon,ATLR,0.0,1.0,4.0,0.15,0.1,14.0,R
Astrobee D,AJSP,1.0,1.0,3.9,0.15,0.1,23.0,R
MERA,KBPT,1.0,2.0,3.2,0.15,0.1,,Y
MD-01,SUD,1.0,1.0,3.4,0.15,0.1,,W
Meteo,SUD,1.0,1.0,3.4,0.15,0.0,,W
Sirocco,SDCO,1.0,1.0,3.9,0.14,0.1,,W
MT-135,NISST,1.0,1.0,3.3,0.14,0.0,12.0,W
MT-135P,NISST,1.0,1.0,3.3,0.14,0.0,12.0,W
MT-135JA,NISST,1.0,1.0,3.3,0.14,0.0,12.0,W
Ivanov,FIAN,0.0,3.0,4.3,0.14,0.1,,W
Emma,MATRA,0.0,1.0,3.9,0.13,0.1,,W
Gamma Centauro,IIAE,1.0,2.0,2.4,0.13,0.0,,W
Aurore,SNECMA,1.0,1.0,3.3,0.13,0.0,8.0,W
Kappa 1,ISAS,1.0,1.0,2.7,0.13,0.0,10.0,T
Gun Projectile 5-inch,BRL,1.0,1.0,1.0,0.13,0.2,,R
Skua,BAJUK,0.0,1.0,2.2,0.13,0.0,,W
Skua 2,BAJUK,0.0,1.0,2.8,0.13,0.1,,R
Skua 3,BAJUK,0.0,1.0,2.8,0.13,0.1,,R
Skua 4,BAJUK,0.0,1.0,2.8,0.13,0.1,,R
FTB,AVIB,1.0,1.0,3.0,0.13,0.1,,R
Sidewinder-Arcas,ATLR,1.0,2.0,4.3,0.13,0.1,,R
Sidewinder-Raven,RPI,1.0,2.0,5.2,0.13,0.1,,Y
HPAG,PARD,1.0,1.0,1.8,0.13,0.0,12.0,Q
HPAG Deacon,PARD,1.0,2.0,3.0,0.13,0.0,12.0,Q
Double HPAG Deacon,PARD,1.0,2.0,3.0,0.13,0.0,12.0,Q
ADTV,WRE,1.0,1.0,2.2,0.13,0.0,9.0,T
Kookaburra,WRE,1.0,2.0,3.5,0.13,0.1,9.0,T
Kookaburra 2,WRE,1.0,2.0,3.5,0.13,0.1,9.0,T
Kookaburra 3,WRE,1.0,2.0,3.5,0.13,0.1,9.0,T
DAC Roc,DAC,1.0,1.0,,0.13,,,T
Seagull,,1.0,1.0,,0.13,,,T
HALO,HAL5,1.0,1.0,2.2,0.13,0.0,,T
HVAR,PARD,1.0,1.0,2.0,0.13,0.0,25.0,Q
HVAR FFAR,PARD,1.0,2.0,3.0,0.13,0.0,25.0,Q
DIM,IIAE,1.0,1.0,2.9,0.12,0.0,,W
Meteor-1,PAI,1.0,1.0,2.5,0.12,0.0,14.0,W
Meteor-3,PAI,1.0,2.0,4.3,0.12,0.0,14.0,W
Meteor-3B,PAI,1.0,2.0,4.3,0.12,0.0,14.0,W
RH-125,VSSC,1.0,1.0,2.5,0.12,0.1,8.0,W
MCR-3/RH-125,VSSC,0.0,1.0,3.5,0.12,0.1,8.0,W
INTA-100,INTA,1.0,2.0,4.1,0.12,0.1,17.0,W
Menaka II,VSSC,1.0,2.0,3.8,0.12,0.1,8.0,W
Black Brant VI,BAL,1.0,1.0,2.8,0.12,0.1,7.0,W
Sonda 1,IAE,1.0,2.0,4.5,0.11,0.1,27.0,W
Rocketsonde,SDCO,1.0,1.0,3.0,0.11,0.0,1.0,W
Rocketsonde2,SDCO,1.0,1.0,3.0,0.11,0.0,1.0,W
Viper 3A,SDCO,1.0,1.0,2.4,0.11,0.0,,Y
DART,TMINUS,1.0,1.0,3.4,0.11,0.0,,Y
Arcas,ATLR,1.0,1.0,2.3,0.11,0.0,1.0,Y
Frangible Arcas,ATLR,1.0,1.0,2.3,0.11,0.0,1.0,Y
Boosted Arcas,ATLR,1.0,2.0,3.4,0.11,0.0,1.0,Y
Boosted Arcas 2,ATLR,1.0,2.0,3.4,0.11,0.0,1.0,Y
Super Arcas,ATLR,1.0,1.0,2.7,0.11,0.0,1.0,Y
Excalibur,BAL,1.0,1.0,3.0,0.11,0.0,1.0,Y
Hopi Dart,RPI,1.0,1.0,3.3,0.11,0.0,,Y
Raven,RPI,1.0,1.0,3.3,0.11,0.0,8.0,W
STAR,UNK,1.0,1.0,4.0,0.11,0.0,,Y
Super Loki,SDCO,1.0,1.0,3.3,0.1,0.0,18.0,Y
Shadow 1,LRRC,1.0,1.0,3.3,0.1,0.0,18.0,Y
Stable Super Loki,SDCO,1.0,1.0,3.3,0.1,0.0,18.0,Y
FalconLaunch,USAFA,1.0,1.0,3.3,0.1,0.0,22.0,Y
Microstar,SPFL,1.0,1.0,3.3,0.1,0.0,,W
Skylark Micro,SKYR,1.0,2.0,3.3,0.1,0.0,,W
Epona,CFTHB,1.0,2.0,4.4,0.1,0.1,,W
SA-II,STA,1.0,1.0,,0.1,0.0,,T
ST,STA,1.0,1.0,,0.1,0.0,,T
Black Brant VII,BAL,1.0,1.0,2.1,0.09,0.0,,W
Loki Dart,SDCO,1.0,1.0,2.6,0.08,0.0,,W
Loki Dart PWN-8B,SDCO,1.0,1.0,2.6,0.08,0.0,,W
Loki,SDCO,1.0,1.0,2.6,0.08,0.0,,W
Loki Rockoon,SUI,0.0,1.0,2.4,0.08,0.0,10.0,R
Judi-Dart,RPI,1.0,1.0,2.7,0.08,0.0,9.0,W
Metroc,ATLR,1.0,1.0,1.4,0.08,0.0,1.0,W
FTV,VSSC,1.0,1.0,,,0.0,,T
SEGPRO,VSSC,1.0,1.0,,,0.0,,T
RH-75,VSSC,1.0,1.0,1.5,0.08,0.0,,W
NAL-7,STA,1.0,1.0,,0.07,0.0,,T
Rockair,UMD,0.0,1.0,1.2,0.07,0.0,3.0,T
FFAR,PARD,1.0,1.0,1.2,0.08,0.0,,Q
Double FFAR,PARD,1.0,2.0,2.4,0.08,0.0,,Q
Navaho II SM-64,NAAD,1.0,2.0,26.6,,54.6,,C
MX-775,NORTH,1.0,1.0,15.8,1.4,12.7,,C
Snark,NORTH,1.0,1.0,21.3,1.4,22.5,,C
Matador,MARTB,1.0,1.0,12.1,1.4,5.2,,C
Mace,MARTB,1.0,1.0,14.3,1.4,8.5,,C
Regulus,VOUA,1.0,1.0,10.1,1.4,6.6,293.0,C
Regulus II,VOUA,1.0,1.0,20.5,1.3,10.2,,C
Bomarc A,BOC,1.0,1.0,14.2,0.89,6.8,,C
Bomarc B,BOC,1.0,1.0,14.2,0.89,6.8,,C
Goose,FAIRA,1.0,1.0,10.2,0.85,3.5,,C
Bull Goose,FAIRA,1.0,1.0,10.2,0.85,3.5,,C
X-7B,LVN,0.0,1.0,2.1,0.61,3.6,,C
X-7A-3,LVN,0.0,1.0,2.1,0.61,3.6,,C
GLCM,GDA,1.0,1.0,6.4,0.53,1.8,,C
BLDT,JPL,1.0,1.0,0.0,0.0,0.0,,C
Lark,FAIRA,1.0,1.0,5.6,0.46,0.9,,C
