name,manufacturer,length,diameter,launch_mass,dry_mass,thrust,burn_duration,engine
N-1 Blok-A,OKB1,30.0,14.0,1870.0,130000.0,45300.0,110.0,NK-15
N-1 Blok-B,OKB1,20.5,10.3,540.0,56000.0,14000.0,130.0,NK-15V
Saturn S-IC,BOMI,42.1,10.06,2286.0,135200.0,33500.0,170.0,F-1
Saturn S-II,NAASB,24.8,10.06,490.8,39000.0,4500.0,270.0,J-2
Starship V1.0,SPX,50.0,9.0,1470.0,120000.0,12000.0,330.0,Raptor SL
Super Heavy,SPX,68.0,9.0,3520.0,220000.0,72500.0,330.0,Raptor SL
ET,MMMI,47.0,8.4,748.0,27000.0,6300.0,516.0,SSME
Energiya,RKKE,58.1,7.75,780.0,80000.0,7850.0,480.0,RD-0120
8S810,OKB52,21.2,7.4,450.0,31000.0,9500.0,120.0,RD-253
8S810M,OKB52,21.2,7.4,450.0,30600.0,10500.0,120.0,RD-253 14D14
Saturn S-IVB,DACHB,18.7,6.6,120.0,13300.0,890.0,500.0,J-2
Saturn S-IB,CHRMI,24.4,6.53,448.7,41594.0,8240.0,155.0,H-1
Saturn S-I,MSFC,22.5,6.53,432.7,45250.0,5768.0,115.0,H-1
N-1 Blok-V,OKB1,12.5,6.4,185.0,13700.0,1610.0,400.0,NK-21
Saturn S-IV,MSFC,9.8,5.59,50.6,5217.0,400.2,482.0,RL10
Saturn S-IVD,MSFC,9.8,5.59,50.6,5217.0,400.2,482.0,RL10
ATB,RSLP,8.4,5.5,119.7,,,78.8,SR118
OV,RWI,37.2,5.49,110.0,80000.0,54.0,90.0,OMS
Ariane 5 EPC H158,NORLM,30.5,5.46,170.0,12700.0,1114.0,589.0,Vulcain
Ariane 5 EPC H175,NORLM,30.5,5.46,189.0,14200.0,1320.0,540.0,Vulcain 2
Ariane 5 EPS,DORN,4.9,5.46,12.5,2700.0,29.0,1100.0,Aestus
Ariane 5 EPS P2000,DORN,5.2,5.46,13.0,2850.0,29.0,1100.0,Aestus
ESC-A,ASTD,7.0,5.43,18.4,2000.0,64.0,945.0,HM-7B
ESC-D,ASTD,7.0,5.43,19.0,2000.0,64.0,945.0,HM-7B
Centaur V,LMA,11.7,5.4,22.9,2500.0,220.0,740.0,RL10CX
H-IIB Stage 1,MHITO,38.0,5.2,202.0,24000.0,2196.0,352.0,LE-7A
CZ-5 Stage 1,CALT,31.7,5.0,186.9,21600.0,1400.0,480.0,YF-77
CZ-5 Stage 2,CALT,10.6,5.0,36.0,6700.0,176.5,700.0,YF-75D
Delta CBC,BOHB,40.8,5.0,226.4,26760.0,2891.0,249.0,RS-68
Delta CBC RS-68A,BOHB,40.8,5.0,226.4,26760.0,3124.0,249.0,RS-68A
Delta D4SS-5,BOHB,12.0,5.0,30.7,3490.0,110.0,1125.0,RL10B-2
DC-X,MDAC,12.6,4.95,18.8,10000.0,242.0,263.0,RL10
DC-XA,MDAC,12.6,4.95,18.8,10000.0,242.0,263.0,RL10
L-3 Blok G,OKB1,9.1,4.4,61.8,6000.0,445.0,443.0,NK-19
Centaur T,GDA,9.0,4.3,23.8,2775.0,146.0,600.0,RL10A-3-3A
8S811,OKB52,17.1,4.1,167.8,11700.0,2330.0,210.0,RD-0211
8S812,OKB52,6.9,4.1,50.6,4185.0,583.0,230.0,RD-0210
8S812M,OKB52,4.1,4.1,50.3,3700.0,583.0,230.0,RD-0210
Briz-M,KHRU,2.8,4.1,22.1,2370.0,19.6,3000.0,S5.98M
H-II Stage 1,MHITO,34.4,4.0,98.0,11700.0,1080.0,346.0,LE-7
H-IIA Stage 1,MHITO,37.2,4.0,114.0,13000.0,1100.0,390.0,LE-7A
Delta III Stage 2,BOHB,8.8,4.0,19.3,2475.0,110.0,700.0,RL10B-2
Delta D4SS-4,BOHB,12.0,4.0,24.2,2850.0,110.0,850.0,RL10B-2
H-II Stage 2,MHITO,11.0,4.0,16.7,2700.0,122.0,600.0,LE-5A
H-IIA Stage 2,MHITO,9.2,4.0,20.0,4000.0,137.0,600.0,LE-5B
H-IIA Stage 2 U,MHITO,9.2,4.0,20.0,4000.0,137.0,600.0,LE-5B
GS1-L110 a,LPSCM,21.3,4.0,125.8,9800.0,1598.0,200.0,Vikas 4B
GS1-L110,LPSCM,21.3,4.0,125.8,9800.0,1692.0,205.0,HTVE
GS2-C25,LPSCM,13.5,4.0,32.4,4400.0,200.0,667.0,CE-20
GS2-C25 a,LPSCM,13.5,4.0,33.0,4400.0,200.0,635.0,CE-20
Antares Stage 1,OSCW/YUZH,27.6,3.9,260.7,18715.0,3260.0,235.0,AJ26-62
Antares 2 Stage 1,OSCW/YUZH,27.6,3.9,260.7,18715.0,3844.0,235.0,RD-181
Antares 2+ Stage 1,OSCW/YUZH,27.6,3.9,260.7,18715.0,3844.0,235.0,RD-181
Energiya Blok A,YUZH,38.3,3.9,360.0,60000.0,7908.0,145.0,RD-170
11S771,YUZH,32.9,3.9,352.0,33900.0,7908.0,140.0,RD-170
11S772,YUZH,11.1,3.9,90.0,9300.0,912.0,300.0,RD-120
Atlas CCB,LMA,32.5,3.8,304.0,20890.0,3800.0,240.0,RD-180
Ariane L144,AELM,18.4,3.8,160.0,13750.0,2462.0,146.0,Viking V
Ariane L220,EADSL,25.4,3.8,246.0,17900.0,3034.0,205.0,Viking VC
LM AS,GRUM,2.5,3.76,4.9,2000.0,15.6,480.0,RS-18
11S824,NPOE,5.5,3.7,13.4,1800.0,85.0,600.0,11D58
11S824M,NPOE,5.5,3.7,17.3,2400.0,85.0,600.0,11D58
11S824F,NPOE,5.5,3.7,17.3,2400.0,85.0,600.0,11D58
11S86,NPOE,6.3,3.7,17.5,2440.0,83.4,680.0,11D58M
11S861,NPOE,6.3,3.7,17.5,2440.0,83.4,680.0,11D58M
11S861-01,NPOE,6.3,3.7,17.5,2440.0,83.4,680.0,11D58M
11S861-03,NPOE,6.3,3.7,17.5,2440.0,83.4,680.0,11D58M
17S40,NPOE,6.3,3.7,17.5,2440.0,83.4,680.0,11D58M
Blok DM1,NPOE,6.3,3.7,17.5,2440.0,83.4,680.0,11D58M
Blok DM3,NPOE,6.3,3.7,17.5,2440.0,83.4,680.0,11D58M
Blok DM4,NPOE,6.3,3.7,17.5,2440.0,83.4,680.0,11D58M
Blok DM-SL,NPOE,5.6,3.7,17.3,2720.0,85.0,650.0,11D58M
Blok DM-SLB,NPOE,5.6,3.7,17.3,2720.0,85.0,650.0,11D58M
Dragon V2,SPX,6.1,3.7,4.2,4200.0,584.0,5.0,Super Draco
SRM,THKU,45.5,3.77,590.0,88000.0,11790.0,123.0,SRM
RSRM,THKU,45.5,3.77,590.0,88000.0,11790.0,123.0,SRM
Ares I-X,THKU,50.9,3.77,590.0,110000.0,11790.0,123.0,SRM
Falcon 9 St 1,SPX,29.0,3.65,302.0,17726.0,3680.0,174.0,Merlin 1C
Falcon 9 St 1/1D,SPX,42.0,3.65,390.0,18000.0,5886.0,180.0,Merlin 1D
Falcon 9 St 1/1D-FT,SPX,43.5,3.65,390.0,18000.0,6770.0,180.0,Merlin 1D-FT
Falcon 9 St 1/1D-5,SPX,43.5,3.65,390.0,18000.0,6770.0,180.0,Merlin 1D-5
Falcon 9 St 1/1D-4,SPX,43.5,3.65,390.0,18000.0,6770.0,180.0,Merlin 1D-4
Falcon 9-1D,SPX,33.0,3.65,302.0,18000.0,547.0,174.0,Merlin 1D
Falcon 9 St 2,SPX,10.0,3.65,52.0,2957.0,427.0,345.0,Merlin 1C-Vac
Falcon 9 St 2/1D,SPX,12.6,3.65,75.7,4900.0,801.0,372.0,Merlin 1D-Vac
Falcon 9 St 2/1D-4,SPX,12.6,3.65,75.7,4900.0,801.0,372.0,Merlin 1D-Vac
Falcon 9 St 2/1D-5,SPX,12.6,3.65,75.7,4900.0,801.0,372.0,Merlin 1D-Vac
Angara URM-2,KHRU,5.5,3.6,39.8,4000.0,294.3,359.0,RD-0124A
X-15,NAA,15.3,3.55,14.2,5150.0,257.0,100.0,XLR-99
L180-YF21B,CALT,23.1,3.35,180.0,10000.0,2961.0,130.0,YF-20B
L140-YF21,CALT,20.2,3.35,151.0,9000.0,2785.0,132.0,YF-21
FB-1 Stage 1,SAST,20.2,3.35,151.0,9000.0,2785.0,132.0,YF-21
DF-5 Stage 1,CALT,20.2,3.35,151.0,9000.0,2785.0,132.0,YF-21
CZ-2 Stage 1,CALT,20.5,3.35,153.0,10000.0,2961.0,122.0,YF-21
CZ-2C Stage 1,CALT,25.7,3.35,153.0,10000.0,2961.0,122.0,YF-21
CZ-2Ca Stage 1,CALT,27.3,3.35,182.0,10000.0,2961.0,122.0,YF-21
CZ-3 Stage 1,SAST,20.2,3.35,151.0,9000.0,2785.0,132.0,YF-21
CZ-2E Stage 1,CALT,23.7,3.35,196.5,9500.0,2961.0,166.0,YF-21
CZ-3A Stage 1,SAST,23.3,3.35,180.0,9500.0,2961.0,145.0,YF-21
CZ-3BE Stage 1,SAST,24.8,3.35,186.2,9500.0,2961.0,145.0,YF-21
CZ-4 Stage 1,SAST,24.7,3.35,192.7,9500.0,2961.0,170.0,YF-21
CZ6-C,CALT,15.0,3.35,84.0,4100.0,1224.0,,YF-100
CZ6A-C,CALT,20.0,3.35,120.0,6000.0,2448.0,,YF-100
CZ-7 Stage 1,CALT,26.0,3.35,186.0,12000.0,2400.0,215.0,YF-100
CZ-8 Stage 2,CALT,26.0,3.35,186.0,12000.0,2400.0,215.0,YF-100
CZ-5 Booster,CALT,27.6,3.35,156.6,13800.0,2400.0,180.0,YF-100
DF-5 Stage 2,CALT,7.5,3.35,39.0,4000.0,742.0,110.0,YF-22
FB-1 Stage 2,SAST,7.5,3.35,39.0,4000.0,742.0,110.0,YF-23
L35-YF24,CALT,9.7,3.35,39.0,4000.0,765.8,110.0,YF-22
CZ-2 Stage 2,CALT,7.5,3.35,39.0,4000.0,742.0,109.0,YF-22
CZ-2C Stage 2,CALT,7.5,3.35,39.0,4000.0,742.0,109.0,YF-22
CZ-2Ca Stage 2,CALT,11.3,3.35,59.0,4000.0,742.0,109.0,YF-22
CZ-3 Stage 2,SAST,9.7,3.35,39.0,4000.0,720.0,180.0,YF-22
L35-YF24B,CALT,11.5,3.35,34.0,4000.0,788.4,110.0,YF-22B
CZ-3A Stage 2,SAST,9.9,3.35,33.6,4000.0,742.0,180.0,YF-22
CZ-3B Stage 2,SAST,9.9,3.35,44.0,4000.0,742.0,180.0,YF-22
CZ-4 Stage 2,SAST,10.4,3.35,39.6,4000.0,742.0,127.0,YF-22B
CZ-4 Stage 2j,SAST,10.4,3.35,39.6,4000.0,742.0,127.0,YF-22B
CZ-4B Stage 2,SAST,10.4,3.35,39.6,4000.0,742.0,127.0,YF-22B'
CZ-2E Stage 2,CALT,15.5,3.35,91.5,5500.0,742.0,295.0,YF-22
CZ-6A Stage 2,CALT,11.5,3.35,71.0,6000.0,176.0,,YF-115
CZ-7 Stage 2,CALT,11.5,3.35,71.0,6000.0,720.0,,YF-115
KSLV-II-1,KARI,20.0,3.3,300.0,10000.0,2900.0,,KARI-75
Smart Dispenser,CALT,1.0,3.35,0.2,20.0,10.8,36.0,FG-47
Fregat,NPOL,1.5,3.35,6.5,1100.0,19.6,877.0,S5.92
Fregat-SB,NPOL,2.4,3.35,8.5,1050.0,19.6,1200.0,S5.92
SRMU,ATKP,34.3,3.2,350.0,37000.0,7500.0,137.8,SRMU
GSOM-S200,SDSC,26.2,3.2,236.0,31000.0,4800.0,130.0,S200
UA1205,UTC,25.9,3.11,226.2,33800.0,6227.2,115.0,UA1205
UA1206,UTC,27.6,3.11,251.2,40800.0,6227.2,114.0,UA1206
UA1207,UTC,34.1,3.11,319.3,51200.0,7120.0,120.0,UA1207
LR87,MARTD,16.0,3.05,76.2,4000.0,1470.0,138.0,LR87
LR87AJ5,MARTB,21.5,3.05,122.0,4000.0,2090.0,147.0,LR87AJ5
LR87AJ9,MARTD,23.8,3.05,116.6,5500.0,2353.0,147.0,LR87AJ11
LR87AJ11,MARTD,23.8,3.05,116.6,5500.0,2353.0,147.0,LR87AJ11
LR87AJ11A,MARTD,26.4,3.05,163.0,8000.0,2452.0,164.0,LR87AJ11A
LR91,MARTD,8.0,3.05,28.9,1725.0,356.1,225.0,LR91
LR91AJ5,MARTB,7.3,3.05,28.9,2400.0,440.0,182.0,LR91AJ5
LR91AJ9,MARTD,9.6,3.05,29.2,2650.0,449.2,205.0,LR91AJ9
LR91AJ11,MARTD,9.6,3.05,29.2,2650.0,449.2,205.0,LR91AJ11
LR91AJ11A,MARTD,10.0,3.05,39.5,4500.0,472.2,223.0,LR91AJ11A
Transtage,MARTD,4.6,3.05,12.5,2000.0,71.1,440.0,AJ10-138
Atlas A,GDA,21.8,3.05,82.0,7000.0,0.0,125.0,
Atlas B,GDA,21.9,3.05,108.0,3850.0,267.0,253.6,MA-1/S
Atlas C,GDA,21.9,3.05,108.0,3850.0,267.0,253.6,MA-1/S
Atlas D,GDA,22.0,3.05,115.0,3400.0,253.0,281.0,MA-2/S
Atlas E,GDA,20.0,3.05,116.0,3500.0,253.0,288.0,MA-2/S
Atlas F,GDA,20.0,3.05,116.0,3500.0,253.0,312.0,MA-2/S
Atlas SLV-3,GDA,21.0,3.05,118.0,3000.0,250.0,312.0,MA-5/S
Atlas SLV-3A,GDA,24.0,3.05,142.0,3700.0,386.0,175.0,MA-5/S
Atlas SLV-3C,GDA,21.9,3.05,128.5,4000.0,267.0,260.0,MA-5/S
Atlas SLV-3D,GDA,21.2,3.05,128.5,4000.0,386.5,260.0,MA-5/S
Atlas G,GDA,22.2,3.05,142.5,4240.0,386.5,266.0,MA-5/S
Atlas H,GDA,21.2,3.05,142.5,4240.0,380.6,266.0,MA-5/S
Atlas I,GDA,22.2,3.05,142.5,4240.0,380.6,266.0,MA-5/S
Atlas II,GDA,24.9,3.05,163.5,10350.0,380.6,274.0,MA-5/S
Atlas III,LMA,29.0,3.05,195.0,13725.0,4152.0,190.0,RD-180
Atlas A Booster,GDA,4.5,3.05,3.5,3500.0,1335.0,128.0,MA-1/B-A
Atlas B Booster,GDA,4.5,3.05,3.5,3500.0,1335.0,128.0,MA-1/B
Atlas C Booster,GDA,4.5,3.05,3.5,3500.0,1335.0,128.0,MA-1/B
Atlas D Booster,GDA,4.5,3.05,3.4,3400.0,1375.0,135.0,MA-2/B
Atlas E/F Booster,GDA,4.5,3.05,3.2,3200.0,1468.0,131.0,MA-3/B
SLV-3 Booster,GDA,4.5,3.05,3.2,3200.0,1495.0,140.0,MA-5/B
SLV-3D Booster,GDA,4.5,3.05,3.2,3200.0,1557.0,140.0,MA-5/B
SLV-3C Booster,GDA,4.5,3.05,3.2,3200.0,1646.0,140.0,MA-5/B
Atlas G Booster,LMA,4.5,3.05,3.2,3200.0,1682.0,140.0,MA-5/B
Atlas MA-5 Booster,GDA,4.5,3.05,3.2,3200.0,1870.0,140.0,MA-5/B
Atlas II Booster,LMA,4.5,3.05,3.2,3200.0,1909.0,140.0,MA-5A/B
Atlas Booster,GDA,4.5,3.05,3.2,3200.0,2065.0,165.0,MA-5A/B
Blue Streak,DEHAVS,17.7,3.05,95.0,6800.0,1512.0,161.0,RZ.2
Saturn S-V,GDA,6.0,3.05,15.6,2000.0,0.0,0.0,RL10
Centaur,GDA,9.1,3.05,15.6,2000.0,134.0,430.0,RL10A-1
Centaur D,GDA,9.1,3.05,15.6,2000.0,134.0,430.0,RL10A-1
Centaur D-1A,GDA,9.6,3.05,16.3,2630.0,134.0,430.0,RL10A-3
Centaur D-1T,GDA,9.6,3.05,16.3,2630.0,134.0,470.0,RL10A-3
Centaur I,GDA,9.2,3.05,15.0,1700.0,147.0,402.0,RL10A-3A
Centaur II,GDA,10.1,3.05,18.8,2053.0,147.0,488.0,RL10A-3A
Centaur IIA,GDA,10.1,3.05,19.0,2200.0,198.4,370.0,RL10A-4-1
Centaur IIIA,LMA,10.1,3.05,18.6,1720.0,99.2,740.0,RL10A-4-2
Centaur IIIB/SEC,LMA,11.7,3.05,22.9,2130.0,99.2,740.0,RL10A-4-2
Centaur IIIB/C-1,LMA,11.7,3.05,22.9,2130.0,101.8,740.0,RL10C-1
Centaur IIIB/DEC,LMA,11.7,3.05,22.9,2130.0,198.4,740.0,RL10A-4-1B
Centaur IIIB/DEC2,LMA,11.7,3.05,22.9,2130.0,198.4,740.0,RL10A-4-2
Ariane EAP P238,EADSL,31.6,3.01,277.6,39800.0,6719.0,129.0,EAP MPS P238
Ariane EAP P240,EADSL,31.6,3.01,280.0,40000.0,6719.0,130.0,EAP MPS P240
Vega P80FW,AVIO,11.2,3.01,97.1,8790.0,2100.0,106.8,P80FW
New Shepard PM,BLOR,12.0,3.0,75.0,10000.0,1020.0,145.0,BE-3 (BLOR)
8S671,YUZH,18.8,3.0,122.0,6400.0,2648.0,120.0,RD-250
8S691,YUZH,18.8,3.0,122.0,6400.0,2648.0,120.0,RD-250
11S691,YUZH,18.8,3.0,127.0,8300.0,3032.0,120.0,RD-250
15A14A,YUZH,22.3,3.0,210.0,15000.0,4522.0,130.0,RD-263
15A18A,YUZH,22.3,3.0,210.8,15000.0,4525.0,98.0,RD-273
8S672,OKB586,9.4,3.0,49.0,3700.0,902.0,160.0,RD-252
8S692,OKB586,9.4,3.0,49.0,3700.0,902.0,160.0,RD-252
11S692,OKB586,10.1,3.0,53.3,4800.0,1010.0,160.0,RD-252
15A14B,YUZH,6.0,3.0,49.0,3000.0,760.0,153.0,RD-0228
15A18B,YUZH,5.7,3.0,49.3,3000.0,760.0,153.0,RD-0255
15A18-BR,YUZH,1.0,3.0,8.2,900.0,18.6,600.0,RD 15A18-BR
8S641,OKB586,16.0,3.0,110.0,10000.0,2610.0,90.0,RD-217
CZ-7A Stage 3,CALT,12.4,3.0,21.0,2800.0,160.0,615.0,YF-75
CZ-3A Stage 3,CALT,12.4,3.0,21.0,2800.0,157.0,470.0,YF-75
CZ-8 Stage 2,CALT,12.4,3.0,21.0,2800.0,157.0,470.0,YF-75
YZ-1,CALT,5.0,3.0,0.0,0.0,0.0,0.0,YF-50D
YZ-1A,CALT,5.0,3.0,0.0,0.0,0.0,0.0,YF-50D
YZ-1S,CALT,5.0,3.0,0.0,0.0,0.0,0.0,YF-50D
YZ-2,CALT,5.0,3.0,0.0,0.0,0.0,0.0,YF-50D
YZ-3,SAST,5.0,3.0,0.0,0.0,0.0,0.0,YF-50D
8K71A,OKB1,28.0,2.95,93.5,7495.0,941.0,330.0,8D75PS
8K74A,OKB1,28.0,2.95,100.0,7000.0,950.0,330.0,8D75
11S59A,OKB1,28.0,2.95,105.4,6875.0,997.1,286.0,RD-108
14S53A,OKB1,28.0,2.95,105.4,6875.0,1009.4,286.0,RD-108A
11S59A-S,OKB1,28.0,2.95,105.4,6875.0,1009.4,286.0,RD-108PF
374BL01A-A,OKB1,28.0,2.95,105.4,6875.0,1009.4,286.0,RD-108A
374BL01B-A,OKB1,28.0,2.95,105.4,6875.0,1009.4,286.0,RD-108A
Soyuz-2-1V 132KS,PROG,26.9,2.95,129.0,9300.0,1754.0,292.1,NK-33A
IUS SRM-2,UTC,2.1,2.9,3.9,1005.0,76.5,104.0,Orbus 6E
CZ-4 Stage 3,SAST,1.9,2.9,15.2,1000.0,98.1,303.0,YF-40
CZ-4B Stage 3,SAST,1.9,2.9,15.2,1000.0,98.1,303.0,YF-40
CZ-4C Stage 3,SAST,1.9,2.9,15.2,1000.0,98.1,303.0,YF-40A
Angara URM,KHRU,25.7,2.9,142.4,9800.0,2086.0,337.5,RD-191
Angara URM-1,KHRU,27.7,2.9,142.4,9800.0,2086.0,337.5,RD-191
Naro Stage 1,KHRU,25.7,2.9,142.4,9800.0,1670.0,337.5,RD-151
GS1-S125,VSSC,20.3,2.8,156.0,27000.0,4700.0,100.0,S125
GS1-S139,VSSC,20.0,2.8,177.0,30000.0,4910.0,105.0,S139
S139,VSSC,20.0,2.8,177.0,30000.0,4910.0,105.0,S139
S125,VSSC,20.0,2.8,168.0,30000.0,4430.0,105.0,S125
GS2-HTVE,VSSC,11.6,2.8,44.3,4800.0,846.8,136.0,HTVE
GS2,VSSC,11.6,2.8,42.8,4800.0,799.0,136.0,Vikas
PS2,VSSC,12.5,2.8,45.8,5300.0,724.0,158.0,Vikas
GSOM,VSSC,19.7,2.1,46.0,6000.0,680.0,160.0,Vikas
CUS12,VSSC,8.7,2.8,15.0,2200.0,73.6,720.0,ICE
CUS15,VSSC,8.7,2.8,14.6,2200.0,73.6,720.0,ICE
15KRB,VSSC,8.7,2.8,14.6,2200.0,73.6,720.0,KVD-1M
12KRB,KHRU,8.7,2.8,15.0,2500.0,73.5,720.0,KVD-1M
Ikar,PROG,2.6,2.72,3.1,2344.0,29.4,600.0,17D61
Volga,PROG,1.0,2.7,1.8,900.0,2.9,882.0,Volga
8K75A,OKB1,14.6,2.7,61.6,4000.0,1600.0,108.0,RD-111
8K75B,OKB1,7.0,2.7,15.9,2500.0,300.0,140.0,RD-0106
8K71,OKB1,19.0,2.7,10.8,850.0,250.0,120.0,8D74PS
8K74,OKB1,19.0,2.7,10.8,850.0,250.0,120.0,8D74
11S59,OKB1,19.8,2.68,44.5,3915.0,992.0,120.0,RD-107
14S53,OKB1,19.8,2.68,44.5,3915.0,992.0,120.0,RD-107A
374BL01A,OKB1,19.8,2.68,44.5,3915.0,992.0,120.0,RD-107A
374BL01B,OKB1,19.8,2.68,44.5,3915.0,992.0,120.0,RD-107A
Jupiter,CHRY/ABMA,14.6,2.67,54.4,5400.0,660.0,180.0,S-3D
8K78I,OKB1,9.4,2.66,25.5,2350.0,298.0,240.0,RD-0107
11A57I,OKB1,6.7,2.66,23.7,2350.0,298.0,240.0,RD-0110
14S54/RD-0110,OKB1,6.7,2.66,25.2,2410.0,298.0,240.0,RD-0110
14S54,OKB1,6.7,2.66,26.0,2800.0,294.0,359.0,RD-0124
14S54 (N),OKB1,6.7,2.66,26.0,2800.0,294.0,359.0,RD-0124N
374BL02A,OKB1,6.7,2.66,25.2,2410.0,298.0,240.0,RD-0110
374BL02B,OKB1,6.7,2.66,26.0,2800.0,294.0,359.0,RD-0124
11S510,OKB1,6.7,2.66,25.2,2410.0,298.0,240.0,RD-0110
11S510 (F),OKB1,7.6,2.66,25.2,2410.0,298.0,240.0,RD-0110
Abid St1,IQ,8.0,2.64,25.0,3000.0,1500.0,90.0,Abid
Ariane L33,DASA/ERNO,11.6,2.6,38.9,3500.0,785.0,126.0,Viking IVB
Ariane H8,AELM,10.2,2.6,9.7,1450.0,61.6,563.0,HM-7
Ariane H10,AELM,11.8,2.6,12.5,1740.0,62.7,720.0,HM-7B
Ariane H10+,AELM,11.8,2.6,12.8,1740.0,62.7,750.0,HM-7B
Ariane H10-3,AELM,12.1,2.6,13.5,1780.0,62.7,780.0,HM-7B
KSLV-II-2,KARI,15.0,2.6,50.0,1000.0,730.0,,KARI-75
KSLV-II-3,KARI,5.0,2.6,10.0,100.0,70.0,,KARI-7
M-35,NISST,4.0,2.6,17.2,2200.0,445.0,129.0,M-35
8K72EL,OKB1,2.5,2.58,8.1,1110.0,49.4,450.0,RO-5
8K72E,OKB1,3.6,2.58,8.0,1440.0,49.4,450.0,RO-5
8K72KE,OKB1,3.6,2.58,8.0,1440.0,54.5,430.0,RO-7
8A92E,OKB1,3.6,2.58,8.0,1440.0,54.5,430.0,RO-7
8A92ME,OKB1,3.6,2.58,8.0,1440.0,54.5,430.0,RO-7
A-350 Booster,SKB30,8.0,2.57,15.0,1000.0,,5.0,A-350 Booster
A-350,SKB30,10.0,2.57,15.0,1000.0,,40.0,A-350 Sustainer
A-350Zh Booster,SKB30,7.9,2.57,15.0,1000.0,,5.0,5S47
A-350Zh,SKB30,15.0,2.57,15.0,1000.0,,40.0,5D22
A-925,FAKEL,7.0,2.57,15.0,1000.0,,40.0,51T6B ZhRD
A-925 Booster,FAKEL,8.0,2.57,15.0,1000.0,,5.0,51T6 Motor
Nudol',ALMAN,7.0,2.6,15.0,,,,Nudol' St 2
Nudol' Booster,ALMAN,8.0,2.6,15.0,,,,Nudol' St 1
M-14,NISST,14.1,2.51,87.0,12070.0,3780.0,49.0,M-14
M-24,NISST,6.6,2.51,38.0,3410.0,1240.0,71.0,M-24
M-25,NISST,6.6,2.51,38.0,3410.0,1240.0,71.0,M-25
Briz-KM,KHRU,2.5,2.5,6.7,1700.0,19.6,1000.0,S5.98M
UR-100NA,KHRU,17.2,2.5,88.0,5000.0,2070.0,121.0,RD-0233
UR-100NB,KHRU,3.9,2.5,15.0,2000.0,240.0,183.0,RD-0235
ASR SRB-A,NISST,11.7,2.6,76.5,8700.0,2271.0,116.0,H-II SRB-A3
H-II SRB-A,NISST,15.2,2.5,75.0,10000.0,2250.0,100.0,H-II SRB-A
H-II SRB-A3,NISST,15.1,2.5,76.5,10500.0,2305.0,120.0,H-II SRB-A3
Thor DM-18,DAC,18.2,2.44,48.8,3125.0,667.0,160.0,MB-3
Thor DM-18A,DAC,18.6,2.44,48.8,3125.0,667.0,160.0,MB-3
Thor DM-18C,DAC,18.6,2.44,48.8,3125.0,734.0,170.0,MB-3-2
Thor DM-21,DAC,17.1,2.44,47.8,3125.0,779.0,170.0,MB-3-2
Thor DSV-2A,DACHB,17.1,2.44,47.8,3125.0,779.0,170.0,MB-3-2
Thor DSV-2C,DACHB,17.1,2.44,48.0,3175.0,760.0,170.0,MB-3-2
LT Thor DSV-2L-1A,DACHB,21.0,2.44,70.3,3715.0,860.0,215.0,MB-3-3
LT Thor DSV-2L-1B,DACHB,20.3,2.44,70.3,3715.0,860.0,215.0,MB-3-3
LT Thor DSV-2L-1C,DACHB,20.3,2.44,70.3,3715.0,860.0,215.0,MB-3-3
LT Thor N,DACHB,20.3,2.44,70.3,3715.0,860.0,215.0,MB-3-3
ELT Thor N,DACHB,22.4,2.44,85.8,4400.0,860.0,270.0,MB-3-3
ELT Thor DSV-2L,DACHB,22.4,2.44,84.1,4059.0,860.0,222.0,MB-3-3
ELT Thor DSV-2L-1D,DACHB,22.4,2.44,84.1,4059.0,860.0,222.0,MB-3-3
ELT Thor DSV-2L-1E,DACHB,22.4,2.44,84.1,4059.0,860.0,222.0,MB-3-3
ELT Thor DSV-2W-1,DACHB,22.8,2.44,84.4,4360.0,912.0,223.0,RS-27
ELT Thor DSV-2W,DACHB,22.4,2.44,84.4,4360.0,1030.0,223.0,RS-27
EELT Thor,DACHB,26.1,2.44,101.8,5680.0,1085.8,261.0,RS-27A
Delta III Stage 1,BOHB,20.0,2.44,102.4,6820.0,1085.8,261.0,RS-27A
LE-5,MHITO,9.3,2.44,10.6,1800.0,103.0,370.0,LE-5
UR-100NU APB,KHRU,0.5,2.4,,,,,
Strela APB,KHRU,1.3,2.4,,,,,
R-39 St 1,YUZH/PAVKH,9.7,2.4,53.7,,2060.0,,3D65
R-39 St 2,MAK,5.0,2.4,25.0,,,,R-39 St 2
R-39 St 3,MAK,4.0,2.4,10.0,,,,R-39 St 3
3M91 St 1,YUZH/PAVKH,9.7,2.4,30.0,,2060.0,,3D65
3M91 St 2,MAK,5.0,2.4,15.0,,,,R-39 St 2
3M91 St 3,MAK,4.0,2.4,5.0,,,,R-39 St 3
15Zh44 St 1,PAVKH,9.7,2.4,53.7,,2060.0,,15D206
15Zh44 St 2,PAVKH,4.8,2.4,25.0,,1050.0,,15D207
15Zh52 St 1,PAVKH,9.7,2.4,53.7,,2060.0,,15D206
15Zh52 St 2,PAVKH,4.8,2.4,25.0,,1050.0,,15D207
15Zh60 St 1,PAVKH,9.7,2.4,53.7,,2060.0,,15D305
15Zh60 St 2,PAVKH,4.8,2.4,25.0,,1050.0,,15D339
15Zh61 St 1,PAVKH,9.7,2.4,53.7,,2060.0,,15D206
15Zh61 St 2,PAVKH,4.8,2.4,25.0,,1050.0,,15D290
RT-23 St 3,ISKRP,3.6,2.4,15.0,,206.0,,RD-866
Taepo Dong 2,KPA,14.0,2.4,60.0,5000.0,1200.0,120.0,TD-2
Simorgh Stage 1,IR,17.8,2.4,60.0,,1400.0,,
S3,YUZH,6.0,2.4,20.1,1500.0,157.0,335.0,11D49
S3M,POL,6.0,2.4,20.1,1435.0,157.0,335.0,11D49
R-14,YUZH,22.4,2.4,87.2,5300.0,1745.0,130.0,RD-216
R-14 65S3A,YUZH,22.4,2.4,87.2,5300.0,1745.0,130.0,RD-216
R-14 11K65A,YUZH,22.4,2.4,87.2,5300.0,1745.0,130.0,RD-216
R-14 11K65MA,POL,22.4,2.4,87.2,5300.0,1745.0,130.0,RD-216
8S642,OKB586,13.0,2.4,27.0,3000.0,882.0,125.0,RD-219
Blok-L,OKB1,3.2,2.4,7.3,1160.0,66.7,250.0,S1.5400
Blok-ML,NPOL,3.2,2.4,6.2,999.0,66.7,250.0,S1.5400
Blok SO-L,NPOL,3.2,2.4,6.2,999.0,66.7,250.0,S1.5400
Blok-2BL,NPOL,3.2,2.4,5.8,902.0,66.7,250.0,S1.5400
Blok-VL,NPOL,3.2,2.4,5.8,902.0,66.7,250.0,S1.5400
Blok-NVL,NPOL,3.2,2.4,5.8,902.0,66.7,250.0,S1.5400
SR119,AJSP,5.3,2.35,27.7,3175.0,1223.0,54.0,SR119
SR120,HERC,2.3,2.35,7.8,635.0,289.0,60.7,SR120
GCA/Orion 38,ATKH,2.1,2.35,1.2,500.0,36.0,69.6,Orion 38
Castor 30,ATK,3.5,2.35,14.0,1220.0,260.0,136.0,Castor 30
Castor 30B,ATK,4.2,2.35,14.0,1083.0,293.4,128.0,Castor 30B
Castor 30XL,ATK,6.0,2.35,26.3,1220.0,260.0,166.0,Castor 30XL
Peacekeeper PBPS,RDYNE,1.1,2.35,1.3,550.0,11.8,168.0,RS-34
TU-903,THKU,8.4,2.35,49.0,4300.0,2204.0,56.0,TU-903
SR118,THKU,8.4,2.35,53.4,4400.0,2225.0,78.8,SR118
Castor 120,THKU,10.7,2.3,53.1,4450.0,1604.0,83.4,Castor 120
IUS SRM-1,UTC,3.5,2.3,10.9,1115.0,186.0,153.0,Orbus 21D
Orbus 21D,UTC,3.0,2.3,10.8,1030.0,187.0,150.0,Orbus 21D
OAM,PRIMX,1.0,2.3,0.7,360.0,0.9,550.0,MR-107
MSBS 501,AELM,6.5,2.3,30.0,2500.0,900.0,60.0,MSBS 501
MSBS 502,AELM,2.3,2.3,10.0,800.0,300.0,70.0,MSBS 502
MSBS 503,AELM,1.3,2.3,5.0,100.0,100.0,40.0,MSBS 503
MR-UR-100 St 1,YUZH,14.3,2.25,59.0,5000.0,1236.0,,RD-268
Perimetr Stage 1,YUZH,14.9,2.25,59.0,5000.0,1236.0,,RD-268
CZ-3 Stage 3,CALT,7.5,2.25,10.5,2000.0,44.1,800.0,YF-73
CZ Booster,CALT,15.3,2.25,37.7,3200.0,740.4,128.0,YF-25
CZ-3BE Booster,CALT,16.1,2.25,41.0,3200.0,740.4,128.0,YF-25
CZ-K2-1,CALT,26.5,2.25,81.5,6000.0,1200.0,185.0,YF-100
CZ-7 Stage 1,CALT,26.5,2.25,81.5,6000.0,2400.0,185.0,YF-100
CZ-8 Stage 1,CALT,26.5,2.25,81.5,6000.0,2400.0,185.0,YF-100
DF3-YF2A,CALT,18.0,2.25,64.1,4100.0,1224.0,130.0,YF-2A
DF4-YF3,CALT,5.4,2.25,15.0,2700.0,306.0,110.0,YF-3
CZ-K2-2,CALT,8.0,2.25,15.0,3000.0,,,YF-115
CZ-K2-3,CALT,4.0,2.25,,1000.0,,,YF-85
Hwasong-15 Stage 1,KPA,2.1,2.25,3.0,,,224.0,HS-15
Hwasong-15 Stage 2,KPA,2.1,2.25,3.0,,,224.0,HS-15
Burya,NPOL,18.0,2.2,40.8,13000.0,,0.0,
S5M,YUZH,2.8,2.2,4.6,1600.0,79.0,125.0,RD-861
M-34,NISST,3.4,2.2,11.6,1000.0,290.0,102.0,M-34
M-34c,NISST,4.3,2.2,12.3,1500.0,327.0,105.0,M-34c
PAL,DASA,18.6,2.17,44.0,4500.0,758.5,140.0,Viking VI
MR-UR-100 St 2,YUZH,3.2,2.15,10.0,1000.0,142.0,195.0,15D169
Perimetr Stage 2,YUZH,3.2,2.15,10.0,1000.0,142.0,195.0,15D169
MR-UR-100 BR,YUZH,1.0,2.15,1.0,500.0,,,15D171
Trident,UTC,2.0,2.13,1.1,700.0,35.0,,Trident Motor
Trident D-5 Stage 1,LMSC,7.2,2.11,39.1,2242.0,,64.0,D-5-1
Trident D-5 Stage 2,LMSC,2.9,2.11,11.8,790.0,,65.0,D-5-2
Coralie,SEREB,6.5,2.01,12.0,2400.0,268.0,105.0,Coralie
Astris,ERNO,3.8,2.03,3.6,800.0,22.5,361.0,Astris
PS3,VSSC,3.6,2.0,8.4,1100.0,324.0,83.0,PS3
HPS3,VSSC,3.6,2.0,8.4,1100.0,324.0,83.0,PS3
PS4,VSSC,2.6,2.0,2.9,920.0,14.8,425.0,LVS
HPS4,VSSC,2.6,2.0,2.9,920.0,14.8,425.0,LVS
Agni III,DRDO,7.7,2.0,33.0,2970.0,1040.0,75.0,Agni III
Agni V,DRDO,7.7,2.0,33.0,2970.0,1040.0,75.0,Agni III
Agni III Stage 2,DRDO,3.1,2.0,14.0,1820.0,314.0,110.0,Agni III S2
Agni V Stage 2,DRDO,3.1,2.0,14.0,1820.0,314.0,110.0,Agni III S2
Agni V Stage 3,DRDO,3.0,2.0,10.0,500.0,,,Agni V S3
8S816,KHRU,17.2,2.0,88.0,5000.0,2070.0,121.0,RD-0216
8S817,KHRU,3.9,2.0,15.0,2000.0,240.0,183.0,15D13
Briz-K,KHRU,2.5,2.0,6.7,1700.0,19.6,1000.0,S5.98M
Black Arrow,SROE/RAE,5.8,2.0,14.1,1070.0,251.0,125.0,Gamma 8
CZ-6A Booster,ARMT,10.0,2.0,35.0,1200.0,,,CZ-6A Booster
CZ-11-1,SLREC,8.0,2.0,40.0,5000.0,,,CZ-11-1
CZ-11-2,ARMT,6.0,2.0,15.0,,,,CZ-11-2
DF-31 St1,ARMT,8.0,2.0,35.0,,,,DF-31-1
DF-31 St2,ARMT,4.0,2.0,10.0,,,,DF-31-2
DF-31 St3,ARMT,2.0,2.0,2.0,,,,DF-31-3
DF-41 St1,ARMT,8.0,2.0,35.0,,,,DF-41-1
DF-41 St2,ARMT,4.0,2.0,10.0,,,,DF-41-2
DF-41 St3,ARMT,2.0,2.0,2.0,,,,DF-41-3
KZ-11 St1,ARMT,8.0,2.0,35.0,,,,DF-41-1
KZ-11 St2,ARMT,4.0,2.0,10.0,,,,DF-41-2
KZ-11 St3,ARMT,2.0,2.0,2.0,,,,DF-41-3
8K95A,OKB1,4.8,1.95,19.0,,900.0,30.0,RT-1-1
MSBS 401,AELM,5.4,1.93,22.5,2500.0,900.0,60.0,SEP 401
MSBS 402,AELM,2.0,1.93,8.8,800.0,300.0,70.0,SEP 402
MSBS 403,AELM,1.1,1.93,1.5,100.0,100.0,40.0,SEP 403
AVUM,AVIO,1.7,1.93,1.0,494.0,2.5,667.0,RD-843
AVUM-RD868P,AVIO,1.7,1.93,1.0,494.0,2.5,667.0,RD-868P
Zefiro 23,AVIO,8.5,1.91,26.5,2653.0,871.0,77.0,Zefiro 23
Zefiro 9A,AVIO,4.4,1.91,11.5,1386.0,260.0,120.0,Zefiro 9A
R-29 St 1,MAK,7.7,1.9,20.0,,682.0,74.0,RD-0244
R-29R St 1,MAK,7.7,1.9,20.0,,682.0,74.0,RD-0244
R-29RM St1,MAK,7.7,1.9,20.0,,682.0,74.0,RD-0244
R-29RM St2,MAK,4.9,1.9,10.0,,,94.0,RD R-29RM St 2
R-29RM St3,MAK,2.8,1.9,10.0,,,87.0,RD R-29RM St 3
Trident C-4 Stage 1,LMSC,4.4,1.88,12.1,,,,C4-1
Trident C-4 Stage 2,LMSC/HERC,2.5,1.88,8.0,,,,C4-2
C-3 Stage 1,LMSC,4.8,1.88,10.0,,,,C3-1
C-3 Stage 2,LMSC,2.5,1.88,7.0,,,,C3-2
8K98A,OKB1/PERM,8.7,1.84,34.6,4000.0,893.0,75.4,15D23
8K98PA,ARSL,9.2,1.84,34.6,4000.0,981.0,75.4,15D23P
LauncherOne Stage 1,VORB,14.7,1.83,21.1,1900.0,308.0,184.0,NewtonThree
H-II SRB,NISST,23.4,1.8,70.4,11200.0,1550.0,94.0,H-II SRB
15Zh58A,MITT,8.5,1.8,26.0,3000.0,980.0,60.0,15Zh58A
15Zh58MA,MITT,8.5,1.8,26.0,3000.0,980.0,60.0,15Zh58A
R-29 St 2,MAK,3.1,1.8,10.0,,,,RD R-29 St 2
R-29R St 2,MAK,3.1,1.8,10.0,,,,RD R-29 St 2
8K99A,YUZH,6.1,1.8,19.0,2450.0,600.0,65.0,15D15
8K94,YUZH,8.4,1.8,9.8,900.0,147.0,215.0,RD-857
CZ-11-3,ARMT,2.0,1.8,4.0,,,,CZ-11-3
RT-21 St1,MITT,8.6,1.79,26.6,,,63.0,RD RT-21 (1)
Redstone,CHRY,13.4,1.78,33.0,3000.0,370.0,155.0,Redstone A-7
Redstone MRLV,CHRY,15.5,1.78,33.0,3000.0,370.0,175.0,Redstone A-7
Hwasong-12 Stage 1,KPA,11.8,1.75,10.0,,,151.0,Hwasong-12
AJ10-118FJ,MDAC/AJGC,6.3,1.75,6.0,780.0,44.1,430.0,AJ10-118FJ
Delta/0020,MDAC,6.0,1.75,6.9,950.0,43.7,431.0,AJ10-118K
EPKM,CALT,2.8,1.7,6.0,541.0,177.0,87.0,FG-46
Falcon 1,SPX,13.0,1.7,22.9,1360.0,378.0,169.0,Merlin 1C
Falcon 1 St 2,SPX,4.5,1.7,4.5,544.0,33.0,418.0,Kestrel
M55E1,THKU,7.5,1.68,22.9,2320.0,892.0,60.0,TU-122
M55E1-ATK,THKU,7.5,1.68,22.9,2522.0,892.0,60.0,TU-122-ATK
M55A1,THKU,7.5,1.68,22.9,2500.0,792.0,59.3,M55A1
R-5,OKB1,20.7,1.65,28.6,4400.0,500.0,115.0,RD-103
V-2,WEHR,12.0,1.65,12.8,4000.0,312.0,70.0,A-4
V-2-Ram,ABMA,12.0,1.65,12.8,4000.0,312.0,70.0,A-4
R-1,NII88,14.1,1.65,13.4,4000.0,267.0,65.0,RD-100
R-2,OKB1,17.0,1.65,20.3,4380.0,363.0,85.0,RD-101
DF-1,CALT,14.1,1.65,14.0,4000.0,270.0,65.0,DF-1
DF-2,CALT,20.0,1.65,30.0,4000.0,300.0,,YF-1
DF-2A,CALT,20.0,1.65,30.0,4000.0,300.0,,YF-1
A-1,OKB1,17.0,1.65,20.0,4000.0,363.0,85.0,RD-101
R-12,OKB586,18.0,1.65,34.6,4810.0,625.6,125.0,RD-214
R-12 63S1A,OKB586,18.0,1.65,39.5,4810.0,625.6,125.0,RD-214
R-12 63S1MA,OKB586,18.0,1.65,39.5,4810.0,625.6,125.0,RD-214
R-12 11K63A,OKB586,18.0,1.65,39.5,4810.0,625.6,125.0,RD-214
S1,YUZH,7.8,1.65,8.6,840.0,105.0,250.0,RD-119
S1M,YUZH,7.8,1.65,8.6,840.0,105.0,250.0,RD-119
LE-3,MHI,5.4,1.62,5.8,500.0,54.0,250.0,LE-3
PAM-D2,THKU,2.7,1.6,3.5,230.0,85.0,118.0,Star 63D
GEM-63,OATKH,20.1,1.6,53.4,5400.0,1361.0,91.0,GEM-63
Atlas V SRM,AJSP,19.5,1.55,46.2,3600.0,1361.0,91.0,AJ-60A
15Zh58B,MITT,6.0,1.55,13.0,1500.0,490.0,64.0,15Zh58B
15Zh58MB,MITT,6.0,1.55,13.0,1500.0,490.0,64.0,15Zh58B
R-31 St 1,ARSL,6.3,1.54,17.5,2000.0,579.0,84.0,3D17
R-31 St 2,ARSL,3.1,1.54,6.9,800.0,233.0,74.0,R-31 St 2
R-31 BS,ARSL,2.5,1.54,1.3,200.0,4.0,101.0,R-31BS
GEM-60,ATKH,16.2,1.52,33.2,3850.0,851.5,90.0,GEM-60
Agena A,LMSC,3.0,1.52,3.8,400.0,69.0,120.0,Bell 8048
Agena B,LMSC,6.2,1.52,7.0,750.0,71.0,480.0,Bell 8096
Agena D,LMSC,6.2,1.52,7.0,750.0,71.0,480.0,Bell 8096
SEP 901,SUD/SEP,4.5,1.51,10.0,,440.0,,SEP 901
SEP 904,SUD/SEP,4.5,1.51,10.0,,450.0,50.0,SEP 904
SEP 903,SEP,4.7,1.51,10.0,,440.0,,SEP 903
SEP 902,SUD/SEP,6.9,1.51,16.0,,540.0,,SEP 902
Rita I,SUD/SEP,2.3,1.51,4.8,350.0,180.0,62.0,P4
Rita II,SUD/SEP,3.0,1.51,6.0,,320.0,52.0,Rita II
CE-5 SSQ,CAST,1.5,1.5,0.5,215.0,,,SSQ Engine
Unha-1 Stage 2,KPA,8.0,1.5,25.6,3700.0,570.0,95.0,Nodong
Unha-2 Stage 2,KPA,8.0,1.5,7.5,1500.0,140.0,176.0,Nodong
Simorgh Stage 2,IR,8.2,1.5,8.0,,71.0,,LRE-4
KN-11,KPA,4.0,1.5,10.0,,255.0,128.0,KPN-Solid1
KN-11-2,KPA,2.8,1.5,7.0,,255.0,128.0,KPN-Solid2
Khorramshahr,IR,8.0,1.5,10.0,,255.0,128.0,KPN-4D10
Hwasong 10,KPA,8.0,1.5,10.0,,255.0,128.0,KPN-4D10
R-27,MAK,8.0,1.5,10.0,,255.0,128.0,4D10
M-3B,NISST,2.7,1.5,3.6,310.0,132.0,87.0,M-3B
LauncherOne Stage 2,VORB,3.4,1.5,2.6,200.0,22.0,346.0,NewtonFour
Spaceship One,SCAL,5.0,1.5,4.0,3000.0,,,
Spaceship Two,SCAL,18.3,2.3,9.7,,,,
Burya booster,NPOL,18.9,1.5,27.0,4000.0,765.0,,S2.1150
Epsilon PBS,JAXA,1.2,1.5,0.3,200.0,0.4,1100.0,EPBS
CZ-11-4,ARMT,1.5,1.5,2.0,,,,CZ-11-4
8K95B,OKB1,4.0,1.49,10.0,1500.0,500.0,30.0,RD RT-15-2
8K98B,OKB1/PERM,4.7,1.49,9.6,1500.0,432.0,59.0,15D24
8K96A,ARSL,4.7,1.49,11.3,1500.0,432.0,60.6,15D27
8K96A (RT-2P),ARSL,5.1,1.49,11.3,1500.0,432.0,60.6,15D24P2
RT-21 St2,MITT,4.4,1.47,8.7,,,,RD RT-21 St2
M-10,NISST,13.0,1.41,26.6,5907.0,737.0,61.0,M-10
M-13,NISST,14.8,1.41,33.4,6290.0,954.0,66.0,M-13
M-13TVC,NISST,14.8,1.41,34.2,6987.0,1020.0,66.0,M-13
M-20,NISST,4.7,1.41,9.9,2779.0,285.0,66.0,M-20
M-22TVC,NISST,5.0,1.41,9.8,2607.0,285.0,66.0,M-22
M-23,NISST,6.2,1.41,13.0,2742.0,523.0,73.0,M-23
CPKM,ARMT,2.9,1.4,4.6,496.0,222.8,65.2,CPKM
KM-V2b,NISST,2.3,1.4,2.9,800.0,99.8,90.0,KM-V2b
KM-V2c,NISST,2.2,1.4,2.9,400.0,99.6,88.0,KM-V2c
Emeraude,LRBA,9.0,1.4,14.7,1500.0,274.0,93.0,Vexin
Amethyste,LRBA,14.0,1.4,20.3,2500.0,415.0,119.0,Valois
8K95V,OKB1,2.8,1.4,3.0,,240.0,42.0,RD RT-1-3
AJ10-104,AJGC,4.5,1.39,4.5,599.0,36.0,,AJ10-104
AJ10-104D,AJGC,4.5,1.39,4.5,599.0,36.0,,AJ10-104
DSV-3E-3,AJGC,5.2,1.39,6.0,785.0,33.7,400.0,AJ10-118E
DSV-3N-4,AJGC,6.3,1.39,5.6,784.0,41.4,335.0,AJ10-118F
DSV-3P-4,MDAC,6.0,1.39,5.6,784.0,41.4,335.0,AJ10-118F
DSV-3P-4B,MDAC,6.0,1.39,5.4,845.0,42.0,322.0,TR-201
A1P,LMSC/AJSP,3.8,1.37,8.3,1450.0,,,A1P-1
A2P,LMSC/AJSP,4.3,1.37,10.1,1450.0,,,A2P-1
A2E,LMSC/AJSP,4.3,1.37,10.1,1450.0,,,A2P-1
A3P,LMSC/AJSP,4.4,1.37,11.1,1270.0,,,A3P-1
A1P Stage 2,LMSC/AJSP,2.0,1.37,4.3,951.0,,,A1P-2
A2P Stage 2,LMSC/ABL,2.1,1.37,4.2,860.0,,,X-250
A2E Stage 2,LMSC/HERC,2.1,1.37,4.2,860.0,,,X-250
X-260,LMSC/ABL,2.3,1.37,4.9,815.0,,,X-260
Alfa,AERIT,3.8,1.37,6.5,1000.0,250.0,57.0,Alfa
Black Arrow St2,SROE,3.2,1.37,3.5,535.0,69.0,113.0,Gamma 2
X-265,MARTO,3.0,1.37,4.0,,,1.2,X-265
Squirt St 1,MARTO,2.0,1.37,1.0,,,1.2,Recruit
Squirt St 2,MARTO,1.0,1.37,1.0,,,1.5,Cherokee
15Zh59A,MITT,3.1,1.36,6.0,,,,15Zh59A
15Zh59B,MITT,3.1,1.36,5.0,,,,15Zh59B
Hyperbola-1 Stage 1,XJRY,8.7,1.4,18.0,,770.0,,Hyperbola-1 M1
Hyperbola-1 Stage 2,XJRY,6.7,1.4,13.0,,597.0,,Hyperbola-1 M2
Hyperbola-1 Stage 3,XJRY,2.6,1.4,3.9,,195.0,,Hyperbola-1 M3
Hyperbola-1 Stage 4,XJRY,1.9,1.4,1.0,,60.0,,Hyperbola-1 M4
GS-1,XIDO,7.8,1.4,17.0,,590.0,,Ceres-1 M1
GS-2,XIDO,4.4,1.4,8.0,,274.0,,Ceres-1 M2
SQ-1S,SANJ,7.4,1.4,5.4,1645.0,93.2,,DF-11
KZ-1A St1,ARMT,6.0,1.35,16.6,,,65.0,DF-21-1
DF-21,ARMT,6.0,1.35,16.6,,,65.0,DF-21-1
DF-26,ARMT,6.0,1.35,10.0,,,65.0,DF-26-1
ZQ-1 Stage 3,ARMT,2.0,1.35,2.0,,,,ZQ-1-3
Shaheen 2 St 1,ARMT,9.5,1.35,20.0,,,65.0,DF-21-1
DF-21 St2,ARMT,4.0,1.35,8.7,,,62.0,DF-21-2
KZ-2 St3,HEXI,2.0,1.35,3.2,,,55.0,KZ2-3
Shaheen St 2,PKNDC,4.4,1.35,4.0,,,,Shaheen-2
Shaheen 3 St 2,PKNDC,4.4,1.35,4.0,,,,Shaheen-2
Ababeel St 3,PKNDC,3.3,1.35,4.0,,,,Ababeel
Shavit 1,IAI,7.5,1.35,13.0,1200.0,775.0,55.0,ATSM-13
ATSM-9,IAI,5.3,1.35,9.1,1000.0,610.0,55.0,ATSM-9
Jericho IIIA1,IAI,7.5,1.35,10.0,,,,
Jericho IIIA2,IAI,7.5,1.35,10.0,,,,
RSA-3-1,IAI,6.3,1.35,10.2,1100.0,456.0,52.0,RSA-3-1
RSA-3-2,IAI,6.4,1.35,11.0,1771.0,477.0,52.0,RSA-3-2
IAI Arrow-1,IAI,5.0,1.35,1.5,,,,IAI-Arrow-1
AUS-51,IAI,2.6,1.35,2.0,170.0,58.0,92.0,AUS-51
RSA-3-3,HOUW,2.1,1.35,2.0,170.0,59.0,94.0,RSA-3-3
15Zh58V,MITT,3.1,1.34,6.0,1000.0,245.0,56.0,15Zh58V
15Zh58MV,MITT,3.1,1.34,6.0,1000.0,245.0,56.0,15Zh58V
RT-21 St3,MITT,3.9,1.34,8.7,1000.0,245.0,,RD RT-21-3
Astra Stage 1,ASTRV,9.0,1.32,8.0,,140.0,,Delphin
SR19,AJSP,4.1,1.32,7.3,1070.0,267.0,65.5,SR19
SR19AJ1-ATK,ATKH,4.1,1.32,7.3,1070.0,267.0,65.5,SR19-ATK
SR19AJ1,AJSP,4.1,1.32,7.3,800.0,267.0,65.5,SR19
SR73AJ1,AJSP,2.3,1.32,3.7,410.0,152.0,61.0,SR73
SR73AJ1-ATK,ATKH,2.3,1.32,3.7,410.0,152.0,61.0,SR73-ATK
PBS,BELT/RDYNE,1.0,1.32,1.0,,1.4,,RS-14
UM129A,NISST,2.3,1.32,2.2,360.0,77.5,68.0,UM-129A
IRIS Stage,FIATA,1.7,1.31,1.7,146.0,58.0,79.0,IRIS
R-21,SKB385,12.0,1.3,16.6,,,,S5.38
R-13,SKB385,10.0,1.3,13.7,,,,S2.713
V-825,FAKEL,9.0,1.3,3.9,,,,V-825
V-825 Booster,FAKEL,10.0,1.3,14.0,,,,5S24
PDV-II Stage 1,DRDO,5.0,1.3,8.0,,,,K-4 Booster
PDV-II Stage 2,DRDO,5.0,1.3,8.0,,,,K-4 Booster
K-4 Booster,DRDO,5.0,1.3,8.0,,,,K-4 Booster
K-4 Stage 2,DRDO,5.0,1.3,8.0,,,,K-4 Stage 2
AMROC IRR,AMROC,17.7,1.29,12.2,,315.0,70.0,H500
Orion 50S,OSCC,8.9,1.27,13.4,1900.0,485.0,72.4,Orion 50S
Pegasus XL Stage 1,OSCC,10.3,1.27,17.0,2000.0,594.0,73.4,Orion 50SXL
Orion 50,OSCC,2.7,1.27,3.4,345.0,118.0,73.3,Orion 50
Orion 50XL,OSCC,3.7,1.27,4.0,420.0,196.0,72.5,Orion 50XL
Orion 50XLT,OSCC,3.7,1.27,4.0,420.0,196.0,72.5,Orion 50XLT
Orion 50SXLG,OSCC,10.0,1.27,15.0,,704.0,,Orion 50SXLG
Orion 50SXLT,OSCC,10.0,1.27,15.0,,704.0,,Orion 50SXLT
Orion 50SG,OSCC,10.0,1.27,15.0,,,,Orion 50SXLG
Sejjil,IR,8.0,1.25,13.5,2000.0,560.0,90.0,Sejjil
Sejjil Stage 2,IR,8.0,1.25,5.5,2000.0,560.0,90.0,Sejjil St 2
Hwasong-14 Stage 2,KPA,2.1,1.25,3.0,,,224.0,KPN-4D10
Taepo Dong 1,KPA,12.0,1.25,25.6,3700.0,570.0,95.0,Nodong
Scud D,KPA,16.0,1.25,15.1,2000.0,255.0,110.0,Nodong
Hwasong-7,KPA,16.0,1.25,15.1,2000.0,255.0,110.0,Nodong
Ghauri,KRLP,16.0,1.25,16.0,3000.0,255.0,110.0,Nodong
Emad,IR,16.0,1.25,15.1,2000.0,255.0,90.0,Nodong
Shahab 3,IR,16.0,1.25,15.1,2000.0,255.0,90.0,Nodong
Unha-2 Stage 3,KPA,3.0,1.25,3.0,300.0,18.0,27.0,Unha St3
Unha-3 Stage 3,KPA,3.8,1.25,4.0,500.0,18.0,27.0,Unha St3
Safir Stage 2,IR,3.0,1.25,9.0,,18.0,60.0,LRE-4
Star 48,THKE,2.0,1.22,2.2,208.0,66.4,84.1,Star 48
Star 48B,THKE,2.0,1.22,2.2,208.0,66.4,84.1,Star 48B
Star 48B AKM,THKE,2.0,1.22,2.2,116.0,66.4,84.1,Star 48B
Star 48V,THKE,2.0,1.22,2.2,140.0,68.7,84.1,Star 48V
Star 48BV,THKE,2.0,1.22,2.2,140.0,68.7,84.1,Star 48V
Delta 4H Stage 3,THKE,2.1,1.4,2.2,140.0,68.7,84.1,Star 48V
AlKahir,EGAO,10.0,1.22,10.0,,,,AlKahir
KM-V1,NISST,1.5,1.2,1.4,118.0,52.0,73.0,KM-V1
KT-1 St3,HEXI,2.0,1.2,2.0,,,,KT1-3
KZ-1 St3,HEXI,2.0,1.2,3.2,,,55.0,KZ1-3
GS-3,XIDO,3.4,1.2,4.0,,86.0,,Ceres-1 M3
Edge,XIDO,2.0,1.2,1.0,,2.0,,Edge
Hyunmoo Booster,DAC/HERCR,4.2,1.2,2.4,,800.0,,Hyunmoo 1
Hyunmoo-2A,ADD,7.0,1.2,4.0,,,,Hyunmoo-2B
Hyunmoo-2B,ADD,7.0,1.2,4.0,,,,Hyunmoo-2B
Hyunmoo-2C,ADD,7.0,1.2,4.0,,,,Hyunmoo-2B
Hyunmoo-4,ADD,7.0,1.2,4.0,,,,Hyunmoo-2B
JL-1 Stage 1,CALT,7.0,1.2,7.0,,,,JL1-1
JL-1 Stage 2,CALT,7.0,1.2,7.0,,,,JL1-2
JL-1 Stage 3,CALT,2.0,1.2,3.0,,,,JL1-3
JL-1 Stage 4,CALT,2.0,1.2,3.0,,,,JL1-4
DF-16,CASIC,7.5,1.2,12.0,,,,DF-16
Electron Stage 1,RLABN,12.1,1.2,10.2,950.0,162.0,,Rutherford
Electron Stage 2,RLABN,2.4,1.2,2.3,250.0,22.0,,Rutherford Vac
Hermes A-3B,GEMTS,10.1,1.19,5.3,2000.0,100.0,,Hermes A-3B
GEM-46,ATKH,14.7,1.17,19.3,2035.0,608.1,75.2,GEM-46
LEO-46,AJSP,11.2,1.17,22.1,1700.0,1265.0,76.0,LEO-46
LEO-7,AJSP,2.7,1.17,3.6,350.0,195.1,62.0,LEO-7
SICBM,THKU,7.5,1.17,11.6,,979.0,40.0,SICBM
SICBM St 2,AJSP,3.2,1.17,3.3,,267.0,44.0,SICBM2
SICBM St 3,HERC,2.0,1.17,1.5,,88.0,,SICBM3
SICBM PBS,MMD,0.8,1.17,0.5,,,,SICBM4
M-3A,NISST,2.3,1.14,1.1,130.0,61.0,54.0,M-3A
Vanguard,MARTB,11.4,1.14,7.7,811.0,120.0,144.0,X-405
Viking Type 9,MARTB,12.8,1.14,6.8,1000.0,93.0,105.0,NRL Viking
Algol 3A,LTV,9.4,1.14,14.3,1600.0,471.0,56.0,Algol 3A
Zefiro,FIATA,4.9,1.14,17.3,1500.0,590.0,71.0,Zefiro
15Zh59V,MITT,2.1,1.13,3.0,,,,15Zh59V
M56A1,SVC,3.8,1.12,5.2,750.0,200.0,60.0,M56A1
KZ-1 St4,HEXI,1.5,1.1,2.0,,,,KZ1-4
H-II SSB,NISST,9.0,1.1,10.5,2100.0,338.0,66.0,H-II SSB
TR-1,NASDA,7.1,1.13,10.8,3900.0,608.0,51.3,TR-1
TR-1A,NASDA,7.5,1.13,8.8,1784.0,608.0,52.0,TR-1A
Prithvi,HAL,8.5,1.1,4.5,,,,Prithvi
PDV Target St2,HAL,2.0,1.1,2.0,,,,2S-SL
PDV-II KV,DRDO,4.0,1.1,2.0,,,,PDV-ASAT
TX-500,THKXM,4.9,1.09,5.5,1030.0,2000.0,,TX-500
TX-454,THKXM,5.0,1.09,6.5,753.0,,,TX-454
TX-135,THKXM,5.2,1.09,5.3,932.0,2000.0,4.5,TX-135
PAP,BPD,11.5,1.07,12.6,3100.0,650.0s,42.0,PAP
Dolphin,STST,15.5,1.07,7.5,,155.0,,Dolphin
Hercules Booster,DAC/HERCR,4.3,1.06,2.4,,772.0,3.4,XM-42
Paekkom Booster,ADD,4.3,1.06,2.4,,,,Paekkom
Algol 1,LTV,9.4,1.02,10.7,1380.0,413.0,44.0,Algol I
Algol 1A,LTV,9.4,1.02,10.7,1200.0,420.0,44.0,Algol IA
Algol 1B,LTV,9.4,1.02,10.7,1200.0,420.0,44.0,Algol IB
Algol 1C,LTV,9.4,1.02,10.7,1200.0,440.0,44.0,Algol IC
Algol 1D,LTV,9.4,1.02,10.7,1200.0,440.0,44.0,Algol ID
Algol 2A,LTV,9.1,1.02,10.7,1200.0,380.0,60.0,Algol IIA
Algol 2B,LTV,9.1,1.02,10.7,1170.0,400.0,80.0,Algol IIB
Algol 2C,LTV,9.1,1.02,10.8,1200.0,436.0,76.0,Algol IIC
Castor 4,THKX,9.7,1.02,10.5,1200.0,428.0,53.9,TX-526
Castor 4A,THKX,13.6,1.02,11.6,1400.0,433.7,56.2,TX-780
Castor 4B,THKX,8.8,1.02,11.5,1420.0,429.0,60.9,TX-859
Castor 4AXL,THKX,15.0,1.02,15.4,2500.0,745.0,60.0,TX-780XL
GEM-40,ATKH,13.0,1.02,13.1,1315.0,499.2,63.3,GEM-40
TX-174,MARTO,2.8,1.02,2.3,251.0,117.0,39.0,TX-174
TX-175,MARTO,2.7,1.02,1.5,210.0,85.0,39.0,TX-175
Pershing 2 St1,MARTO,4.0,1.02,4.1,530.0,172.0,58.0,Pershing 2 St1
Pershing 2 St2,MARTO,2.8,1.02,5.8,350.0,134.0,46.0,Pershing 2 St2
Hermes A-3A,GEMTS,8.7,1.02,3.8,,80.0,,Hermes A-3A
S-43,IAE,8.1,1.01,8.4,1250.0,327.0,40.0,S-43
S-43TM,IAE,8.1,1.01,8.4,1250.0,327.0,40.0,S-43
S-43 VLR-R2,IAE,8.1,1.01,8.4,1250.0,327.0,40.0,S-43
S-40,IAE,5.3,1.01,5.6,1300.0,252.0,40.0,S-40
S-40TM,IAE,5.1,1.01,5.4,1190.0,202.0,58.0,S-40
S-44,IAE,1.7,1.01,1.0,127.0,33.0,66.0,S-44
S-44M,IAE,1.7,1.01,1.0,127.0,33.0,66.0,S-44
Cygnus 40,LARC/THKE,1.1,1.01,1.0,74.0,83.0,26.0,Cygnus 40
Temp,MIT,12.4,1.01,11.9,120.0,,,9M76
Temp-S,MIT,12.4,1.01,11.9,120.0,,,9M76B
Electron Stage 3,RLABN,1.0,1.0,1.0,,,,Curie
Start,MITT,2.6,1.0,1.0,300.0,100.0,53.0,Start
DS,MITT,0.5,1.0,0.5,50.0,,250.0,DS
Orion LAS,OSCC,10.0,1.0,6.0,,,,Orion LAS-AM
HAPS Stage,PRIMX,0.8,1.0,0.1,50.0,0.7,180.0,MR-107
HAPS,PRIMX,0.8,1.0,0.1,50.0,0.7,180.0,MR-107
DF-15,ARMT,9.1,1.0,6.2,,,,DF-15
Shaheen,ARMT,9.1,1.0,6.2,,,,DF-15
KSLV-1 Stage 2,KARI,1.6,1.0,1.4,200.0,80.0,44.0,KSLV SRM
SLV-3-1,VSSC,9.8,1.0,10.8,2140.0,420.0,53.0,SLV-3-1
SLV-3-1/D4,VSSC,9.8,1.0,10.8,2140.0,590.0,55.0,SLV-3-1/D4
AS-0,VSSC,10.7,1.0,11.6,2963.0,502.0,49.0,ASLV SRM
AS-1,VSSC,10.2,1.0,11.8,2900.0,702.0,45.0,ASLV AS-1
PSOM,VSSC,11.3,1.0,11.0,2000.0,677.0,44.2,PSOM
PSOM-XL,VSSC,13.5,1.0,13.5,2000.0,720.0,49.0,PSOM
S9,VSSC,10.7,1.0,11.0,2900.0,500.0,49.0,S9
Astra 1 Stage 1,ASTRV,8.0,1.0,4.0,,,,Astra E1
Astra 1 Stage 2,ASTRV,2.0,1.0,2.0,,,,Astra E1
Agni,DRDO,11.0,1.0,11.5,2900.0,700.0,50.0,Agni
Agni II Stage 2,DRDO,6.0,1.0,4.2,,,60.0,Agni St2
Agni 4 Stage 2,DRDO,6.0,1.0,4.2,,,60.0,Agni St2
KSR-III,KARI,10.0,1.0,5.6,,126.0,59.0,KSR-III
V-1000 Booster,SKB30,3.1,1.0,3.0,,1962.0,4.5,PRD-33
53T6,NOVTR,10.0,1.0,12.0,,103.0,4.0,53T6
5Ya26,NOVTR,10.0,1.0,12.0,,103.0,4.0,5Ya26
Vesta,LRBA,7.2,1.0,5.0,780.0,140.0,56.4,Vesta
8K96B (RT-2P),ARSL/PERM,5.5,1.0,4.6,1000.0,176.0,45.0,15D94
8K96B (RT-15),ARSL/PERM,4.6,1.0,4.6,1000.0,216.0,45.0,15D92
8K98V,ARSL/PERM,3.8,0.98,3.5,1000.0,215.0,45.0,15D25
8K96B,ARSL/PERM,4.6,0.98,4.6,1000.0,176.0,49.0,15D94
Orion 38,ATKH,1.3,0.97,0.9,126.0,36.0,69.6,Orion 38
M57A1,HERC,2.1,0.97,1.9,300.0,76.0,59.0,M57A1
Salman,IRGC,2.0,0.95,1.7,150.0,,65.0,Salman
Star 37FM,THKE,1.7,0.94,1.1,74.0,45.8,66.4,Star 37FM
Star 37FMV,THKE,1.7,0.94,1.1,74.0,45.8,66.4,Star 37FM
Star 37B,THKE,1.5,0.94,0.7,65.0,45.0,,Star 37B
Star 37C,THKE,1.5,0.94,1.0,83.0,45.0,,Star 37C
Star 37D,THKE,1.5,0.94,0.7,65.0,45.0,,Star 37D
Star 37E,THKE,1.7,0.94,1.1,83.0,68.0,42.0,Star 37E
Star 37F,THKE,1.7,0.94,0.9,67.0,55.5,42.0,Star 37F
Star 37XF,THKE,1.7,0.94,0.9,67.0,45.0,,Star 37XF
Star 37XE,THKE,1.7,0.94,0.9,67.0,45.0,66.0,Star 37XE
Star 37XFP,THKE,1.7,0.94,1.0,72.0,38.0,66.0,Star 37XFP
Star 37S,THKE,1.7,0.94,0.7,53.0,45.0,,Star 37S
Star 37N,THKE,1.7,0.94,0.6,64.0,45.0,,Star 37N
KM-H,NISST,1.4,0.93,0.1,13.0,,,KM-H
Oka,KBM,7.5,0.92,4.6,,,,Oka
KN-23,KBM,7.5,0.92,4.0,,,,KN-23 Motor
Iskander,KBM,7.3,0.92,3.8,,,,9M723
Iskander-M,KBM,7.3,0.92,3.8,,,,9M723
Iskander-E,KBM,7.3,0.92,3.8,,,,9M723
Stonechat I,RORD,4.5,0.92,4.8,750.0,232.0,32.3,Stonechat I
Stonechat II,RORD,4.5,0.92,5.1,750.0,242.0,32.8,Stonechat II
Black Knight,SROE,9.0,0.91,5.4,540.0,75.0,140.0,Gamma 201
Black Knight 301,SROE,9.0,0.91,5.4,540.0,75.0,140.0,Gamma 301
TX-238,THKXM,4.7,0.91,3.5,417.0,,,TX-238
Skybolt St1,DAC,3.8,0.91,2.5,,164.0,40.7,Skybolt
Skybolt St2,DAC,2.4,0.91,1.2,,81.8,41.3,Skybolt St2
Astra Stage 2,ASTRV,2.2,0.91,1.0,,28.0,,Aether
Cluster Stage 2,JPL,1.2,0.89,0.5,223.0,80.0,6.0,RTV
OS-X0,LYK/SANJ,7.4,0.88,5.4,1645.0,93.2,,DF-11
OS-M1 Stage 2,LYK/SANJ,7.4,0.88,5.4,1645.0,93.2,,DF-11
DF-11,SANJ,7.4,0.88,5.4,1645.0,93.2,,DF-11
DF-11M,SANJ,9.4,0.88,5.4,1645.0,93.2,,DF-11
Ghaznavi,PKPMO,9.4,0.88,5.4,1645.0,93.2,,DF-11
R-17,MAK,7.4,0.88,5.4,1645.0,93.2,,S5.2
Scud,MAK,8.0,0.88,6.3,1600.0,,,S5.2
Scud B,MAK,8.6,0.88,5.6,1600.0,,,S5.2
Al Hussein,MAK,9.5,0.88,5.9,1600.0,,,S5.2
Short Al Hussein,MAK,9.0,0.88,5.9,1600.0,,,S5.2
Al Abbas,MAK,10.9,0.88,7.6,1600.0,,,S5.2
Abid St2,IQ,8.0,0.88,6.0,1600.0,,,S5.2
Taepo Dong 1 Stage 2,KPA,12.0,0.88,7.5,1500.0,140.0,176.0,Nodong
R-11,OKB1,7.4,0.88,4.6,955.0,93.0,,S2.253
R-11FM,OKB1,7.4,0.88,4.5,1080.0,93.0,63.0,S2.253A
Hwasong 5,KPA,10.0,0.88,5.0,,93.0,,S2.253
Hwasong 6,KPA,10.0,0.88,5.0,,93.0,,S2.253
Hwasong 7,KPA,10.0,0.88,5.0,,93.0,,S2.253
Hwasong ER,KPA,12.0,0.88,5.0,,93.0,,S2.253
Wasserfall,WEHR,7.8,0.88,3.5,1700.0,80.0,40.0,Wasserfall
Hermes A-1,GEMTS,7.8,0.86,5.0,,71.0,,Hermes A-1
M-30,NISST,4.0,0.86,2.8,773.0,128.0,42.0,M-30
Trident C-4 Stage 3,UTC,3.3,0.86,1.9,150.0,,40.0,Trident St 3
Trident D-5 Stage 3,UTC,3.3,0.86,2.2,159.0,,40.0,Trident St 3
X-271,ABL,5.0,0.82,,,,,X-271
Viking,MARTB,14.9,0.81,4.5,800.0,93.0,70.0,NRL Viking
AJ10,AJGC,5.0,0.81,1.9,429.0,33.0,122.0,AJ10
AJ10-11B,AJGC,5.7,0.81,1.9,429.0,34.7,122.0,AJ10-11B
AJ10-40,AJGC,5.8,0.81,1.9,429.0,34.5,110.0,AJ10-40
AJ10-41,AJGC,5.8,0.81,1.9,429.0,34.5,110.0,AJ10-41
AJ10-42,AJGC,5.8,0.81,1.9,429.0,34.5,110.0,AJ10-42
AJ10-101A,AJGC,5.8,0.81,1.9,385.0,34.7,110.0,AJ10-101A
AJ10-118,AJGC,6.0,0.81,2.2,694.0,33.7,115.0,AJ10-118
AJ10-118A,AJGC,6.0,0.81,2.7,600.0,33.7,170.0,AJ10-118A
AJ10-118D,AJGC,5.8,0.81,2.7,545.0,33.7,170.0,AJ10-118D
P068,SEP,1.7,0.8,0.8,62.0,52.5,46.5,P068
Agate,SEREB,4.5,0.8,2.0,100.0,190.0,18.0,NA 801
MD-620,DASST,4.1,0.8,2.0,,,,NA 804
Topaze VE111C,SEREB,2.9,0.8,1.5,,120.0,39.0,NA 802 Soleil C
Topaze VE111L,SEREB,3.0,0.8,2.2,,156.0,44.0,NA 803 Soleil
Topaze,SEREB,4.6,0.8,2.2,,156.0,44.0,NA 803 Soleil
NA-805,DASST,5.0,0.8,4.1,,,,NA 805
Jericho-1,IAI,4.5,0.8,2.0,,,,NA 804
IAI Arrow,IAI,5.0,0.8,1.5,,,,IAI-Arrow-2
Arrow 3,IAI,6.5,0.7,1.0,,,,IAI-Arrow-3
Arrow 3 Stage 2,IAI,3.5,0.7,0.5,,,,IAI-Arrow-3
SLV-3-2,VSSC,6.4,0.8,4.9,1750.0,200.0,42.0,SLV-3-2
SLV-3-2/D4,VSSC,6.4,0.8,4.9,1750.0,200.0,42.0,SLV-3-2/D4
SLV-3-3,VSSC,2.4,0.8,1.5,440.0,60.0,46.0,SLV-3-3
SLV-3-3/D4,VSSC,2.4,0.8,1.5,440.0,60.0,46.0,SLV-3-3/D4
AS-2,VSSC,6.4,0.8,4.4,800.0,304.0,36.0,ASLV AS-2
AS-3,VSSC,2.4,0.8,1.7,650.0,90.7,45.0,ASLV AS-3
KM-M,NISST,1.3,0.8,0.6,45.0,32.0,63.0,KM-M
M-40,NISST,1.8,0.79,0.4,73.0,26.5,40.0,M-40
KM-P,NISST,1.2,0.79,0.5,42.0,31.3,44.0,KM-P
HIBEX,BOKT,3.1,0.79,6.0,,,,HIBEX
HIBEX-U,BOKT,3.1,0.79,6.0,,,,HIBEX-U
Polaris TV,LMSC,6.0,0.79,8.3,1450.0,285.0,23.0,TX-33
TX-30,THKX,5.4,0.79,2.0,,44.5,29.0,TX-30
Sergeant,THKX,4.4,0.79,3.2,,220.0,23.8,TX-30
Aerojet Jr,AJ,5.7,0.79,4.0,,254.0,28.0,Aerojet Jr
TX-20 Sergeant,THKX,6.1,0.79,4.0,,213.0,24.0,TX-20
RV-A-10,GEMTS,4.0,0.79,3.5,800.0,140.0,30.0,RV-A-10
Pollux,THKX,5.7,0.79,4.2,,,38.0,Pollux
Castor,THKX,6.0,0.79,4.2,783.0,235.0,38.0,TX-33
Castor 1,THKX,6.0,0.79,4.2,783.0,235.0,38.0,TX-33
Castor 2,THKX,6.0,0.79,4.0,565.0,259.0,37.0,TX-354-4
Castor 2A,THKX,6.0,0.79,4.0,565.0,259.0,37.0,TX-354-3
Xaero,MASTEN,4.6,0.77,1.0,,13.2,,Xaero
Avanti,LPC,13.5,0.77,6.0,,121.0,89.0,LPC-A92
GF-01A,ARMT,2.0,0.77,2.0,200.0,29.0,140.0,GF-02
GF-02,ARMT,3.9,0.77,2.0,250.0,118.0,38.0,GF-01A
MX-774,CONV,5.7,0.76,1.1,500.0,35.0,75.0,MX-774
OTRAG,OTR,7.0,0.76,,,120.0,,OTRAG
Corporal E,DAC/JPL,13.7,0.76,4.5,,89.0,63.0,Corporal E
Corporal Type 1,FIRES,13.7,0.76,5.2,,89.0,63.0,Corporal
Ajax Cluster 1810,AJ,6.0,0.76,1.2,,50.0,71.0,Ajax 1810
Ajax Cluster,AJ,6.0,0.76,1.2,,50.0,71.0,Ajax
Talos,ABL,3.4,0.76,1.5,,516.0,5.2,Talos Mk 11 Mod 2
Antares,ABL,3.3,0.76,1.2,240.0,60.0,38.0,X-254
Antares 2,ABL,2.9,0.76,1.3,107.0,93.0,36.0,X-259
Antares 2B,ABL,2.9,0.76,1.3,,93.0,36.0,X-259
Antares 3,THKE,2.9,0.76,1.4,95.0,82.3,45.0,Star 31
Al Samoud 2,IQMIC,5.0,0.76,2.0,505.0,13.8,52.0,S2.711
Shaurya,DRDO,5.6,0.75,5.0,,,,Shourya
Shaurya Booster,DRDO,2.2,0.75,3.0,,,,Shourya Booster
TX-239,THKXM,1.1,0.74,0.37,,,,TX-239
27D6,FAKEL,6.0,0.74,3.0,,,,27D6
28D6,FAKEL,2.0,0.74,1.0,,,,28D6
29D6,FAKEL,1.0,0.74,0.5,,,,29D6
SB-735,ISAS,9.1,0.74,5.1,1100.0,328.0,38.0,SB-735
ST-735,ISAS,4.6,0.74,7.4,,250.0,49.0,ST-735-1
ST-735 Stage 2,ISAS,2.0,0.74,4.0,,,,ST-735-2
NAL-735,NASDA,9.0,0.74,4.7,,250.0,49.0,NAL-735
L735,ISAS,8.4,0.74,5.0,2945.0,410.0,28.8,L735
L735(1/3),ISAS,3.9,0.74,2.5,,118.0,38.4,L735(1/3)
Waxwing,RORD,1.5,0.71,0.3,39.0,28.8,37.2,Waxwing
Pedro,THKX,3.1,0.71,1.5,250.0,244.0,11.3,TX-261-3
TX-261,THKX,3.1,0.71,1.5,250.0,244.0,11.3,TX-261-3
TX-261-2,THKX,3.1,0.71,1.5,250.0,244.0,11.3,TX-261-2
LEO-1,AJSP,1.2,0.7,0.7,45.0,50.0,51.5,LEO-1
Orbus 1,UTC,1.2,0.7,0.5,50.0,88.0,,Orbus 1
Orbus 1A,ATKE,1.2,0.7,0.5,50.0,88.0,,Orbus 1A
KM Rockoon,NISST,1.3,0.7,0.3,50.0,,,KM-D
MX-775,ABL,5.1,0.69,1.2,0.0,580.0,4.0,N-25 Snark JATO
Star 27,ATKE,1.2,0.69,0.4,24.0,26.7,34.3,Star 27
OIS,FAIR,1.2,0.69,0.4,24.0,26.7,34.3,Star 27
Star 26,ATKE,0.8,0.66,0.3,38.0,33.0,17.8,Star 26
Star 26B,ATKE,0.8,0.66,0.3,23.0,35.0,17.8,Star 26B
Star 26C,ATKE,0.8,0.66,0.3,29.0,35.0,16.8,Star 26C
AS-4,VSSC,1.4,0.66,0.5,195.0,35.0,33.0,AS-4
SLV-3-4,VSSC,1.5,0.66,0.4,98.0,27.0,33.0,SLV-3-4
Apollo LES,NAAD,10.2,0.66,2.5,,690.0,3.0,LPC A-1
P064,SUD,1.5,0.65,0.7,89.0,52.0,45.0,P064
KN-02,KBM,6.4,0.65,2.0,,,,KN-02 Motor
Tochka,KBM,6.4,0.65,2.0,,,,9M79
Tochka-U,KBM,6.4,0.65,2.0,,,,9M79-1
V-750 Booster,ISKRM,2.4,0.65,0.3,,,4.5,PRD-18
KM-D,NISST,1.0,0.63,0.3,24.0,17.4,38.0,KM-D
Cygnus 25,PARD,1.1,0.64,0.2,19.0,33.3,16.5,Cygnus 25
NOTS 500,NOTS,2.5,0.61,0.9,,,45.0,NOTS 500
Zelzal,IR,6.0,0.61,0.5,0.0,0.0,,NP-110
Zulfiqar,IR,6.0,0.61,0.5,0.0,0.0,,NP-110
Fateh-110,IR,9.0,0.61,1.0,,,,NP-110
ATACMS,AJCA,4.0,0.61,1.2,,180.0,,ATACMS
Pathfinder Zombie,AJCA,4.0,0.61,1.2,,180.0,,ATACMS
Sabre Zombie,AJCA,4.0,0.61,1.2,,180.0,,ATACMS
K-BATS,HANWHA,4.0,0.61,1.2,,,,K-BATS
HYSR,LMMI,15.0,0.61,,,270.0,,HYSR
B-611,SANJ,5.0,0.6,1.5,,,,B-611
SR 0.1,ROKSN,5.0,0.6,,,,,ROKETSAN-SR-0.1
OS-M1 Stage 3,LYK,5.0,0.6,2.0,,,,OS-M St 3
LS-C,MHITO,4.0,0.6,1.0,,,,LE-2
LS-C-7,MHITO,4.0,0.6,1.0,,,,LE-3 (T)
LS-C Booster,MHITO,2.5,0.6,0.3,,,,LS-C Booster
KN-24,KP,4.0,0.6,1.2,,,,KN-ATACMS
Seliger 1,DRG,3.0,0.6,0.5,,49.0,,Seliger 1
Seliger 3,DRG,6.0,0.6,1.0,,50.0,,Seliger 3
Alcyone,HERC,0.6,0.6,0.1,39.0,34.0,8.0,BE-3B1
Badr-1,ANSAL,5.0,0.6,1.0,,,,Badr-1
Grad,ANSAL,5.0,0.6,1.0,,,,Badr-1
BE-3,HERC,0.6,0.6,0.1,28.0,34.0,9.0,BE-3
BE-3A4,HERC,0.6,0.6,0.1,28.0,34.0,9.0,BE-3A4
BE-3A5,HERC,0.6,0.6,0.1,28.0,34.0,9.0,BE-3A5
BE-3A9,HERC,0.6,0.6,0.1,28.0,34.0,9.0,BE-3A9
M-6,ABL,4.9,0.58,1.9,954.0,365.0,5.0,M-6
Taurus,ABL/WFF,4.3,0.58,1.4,,457.0,3.5,Taurus
X-7A-1 Booster,LVN/ABL,6.0,0.58,1.9,1474.0,467.0,4.0,X-202C3
Taurion,WFF,4.3,0.58,1.4,,13.0,32.0,M112
Oriole,DTI,3.9,0.56,1.0,198.0,92.1,,GEM 22
AJ60-91,AJGC,9.1,0.56,3.0,1050.0,72.0,52.7,AJ11-6
Sonda 3-1,IAE,3.3,0.56,1.2,341.0,102.0,20.0,S-30
S31,IAE,3.2,0.56,0.9,284.0,136.0,11.0,S-31
Lance Missile,LTVM,6.2,0.56,,,20.0,114.0,P8E-9
SEPR-732,SUD,2.5,0.56,1.5,,200.0,,SEPR-732
RH-560S,VSSC,4.1,0.56,1.3,262.0,119.0,19.0,RH-560S
RH-560,VSSC,3.9,0.56,0.9,277.0,76.0,19.0,RH-560
RH-ATV,VSSC,3.7,0.56,0.9,277.0,76.0,19.0,RH-560
Stromboli,ONERA,3.0,0.56,0.9,246.0,75.0,16.0,Stromboli
Hatf I,SUPA,3.0,0.56,0.9,246.0,75.0,16.0,Stromboli
Aigle,ONERA,3.0,0.56,0.9,246.0,75.0,16.0,SEPR 737
Vesuve,ONERA,3.5,0.56,0.8,250.0,200.0,5.0,SEPR 734-1
Tacite,ONERA,4.7,0.56,1.7,455.0,170.0,20.0,SEPR 739-2
BER,ONERA,4.7,0.56,1.9,700.0,170.0,20.0,SEPR 739
Berenice St2,ONERA,3.8,0.56,1.1,372.0,170.0,20.0,SEPR 740
NSPO Booster,NSPO,2.4,0.55,1.0,,,6.0,NSPO Booster
Veronique,LRBA,7.3,0.55,1.3,278.0,40.0,45.0,Veronique
Veronique AGI,LRBA,7.3,0.55,1.3,278.0,40.0,49.0,Veronique AGI
Veronique 61,LRBA,9.5,0.55,1.9,,60.0,54.0,Veronique 61
Veronique 61M,LRBA,11.7,0.55,2.0,,60.0,56.0,Veronique 61
Veronique R,LRBA,5.8,0.55,0.5,385.0,40.0,6.5,Veronique
Veronique P2,LRBA,6.0,0.55,0.5,,10.0,,Vero P2
Veronique P6,LRBA,6.0,0.55,0.5,,20.0,,Vero P6
V-1000,SKB30,8.0,0.55,,,103.0,,S2.726
Luna-M,MIT,9.4,0.54,2.3,,,,9M21
ASAS XL,THKE,0.9,0.53,0.1,,7.0,15.0,Mk 136
Mk 72,UTC,1.7,0.53,0.7,243.0,,,Mk 72
SM-3-II-2,MHI,2.5,0.53,,,,,SM-3-II-2
SM-3-II-3,MHI,1.0,0.53,,,,,SM-3-II-3
Black Sparrow,IAI,4.8,0.53,1.2,,,,Black Sparrow
Blue Sparrow,IAI,4.8,0.53,1.2,,,,Black Sparrow
Silver Sparrow,IAI,7.0,0.53,2.5,,,,Black Sparrow
Hades,AELM,5.0,0.53,1.8,,,,Acheron
GLCM,UNK,6.4,0.53,1.8,,,,
S-520,ISAS,5.9,0.52,2.3,400.0,143.1,28.7,S-520
SS-520 St 2,ISAS,1.7,0.52,0.4,111.0,,,SS-520
Cedre St1,LRS,2.3,0.52,1.0,,138.0,,Cedre St1
Alcor,AJSP,1.9,0.52,0.5,200.0,36.0,30.0,30KS8000
Alcor IA,AJSP,1.9,0.52,0.5,200.0,49.0,23.0,23KS11000
Alcor IB,AJSP,1.9,0.52,0.5,88.0,42.0,26.0,Alcor IB
Cygnus 20,THKE/PARD,0.7,0.51,0.1,10.0,30.0,8.5,Cygnus 20
SARGE,EXOSA,11.0,0.51,1.0,363.0,24.1,60.0,SARGE
STIG-B,ARMAD,10.0,0.51,0.7,,22.5,50.0,STIG-B
OS-M1 Stage 4,LYK,1.0,0.5,1.0,,,,OS-M St 4
Star 20,THKE,1.5,0.5,0.3,26.0,26.5,27.5,Star 20
MSD,NRL,1.5,0.5,0.3,26.0,26.5,27.5,Star 20
FW4D,UTC,1.5,0.5,0.3,25.0,25.0,30.5,FW4
FW4S,UTC,1.5,0.5,0.3,32.0,25.0,30.5,FW4
Saman-1,IR,1.0,0.5,0.5,300.0,21.0,28.0,Saman-1
V-750,FAKEL,8.1,0.5,2.0,,13.8,25.0,S2.711
ZUR-215,NPOL,8.1,0.5,2.0,,13.8,25.0,S2.711
Al Samoud,IQMIC,6.0,0.5,2.0,360.0,13.8,52.0,S2.711
48N6,FAKEL,7.5,0.5,1.8,,,,48N6
Al Fatah,FATAH,4.6,0.5,1.0,454.0,130.0,15.0,Al Fatah
L500,ISAS,2.5,0.5,0.8,,69.0,27.0,L500
TT-500,NASDA,7.0,0.5,1.3,300.0,116.0,,TT-500
TT-500-S2,NASDA,3.0,0.5,0.7,200.0,61.0,,TT-500-S2
JCR Booster,NISST,5.0,0.51,0.7,,133.0,,JCR
JCR,NISST,5.0,0.51,0.7,,54.0,,JCR-S2
Upstage,BOC,1.0,0.5,0.2,,,,Upstage
Momo,IST,6.2,0.5,0.8,,,,Momo
IAI Arrow St2,IAI,2.5,0.5,0.5,,,,IAI-Arrow-2-2
Abid St3,IQ,1.0,0.5,,,,,Abid St3
NOTS 401A,NOTS,0.8,0.5,,,,7.2,NOTS 401A
Zeus A,GCR,7.0,0.5,2.0,,,,Zeus A
E-8-5 VA,NPOL,2.3,0.5,0.4,,,,E-8-5 VA
K-15 Booster,DRDO,2.0,0.5,1.0,,,,K-15 Booster
K-15 Stage 2,DRDO,5.0,0.5,2.0,,,,K-15 Stage 2
NOTS 505,NOTS,0.5,0.5,,,18.0,33.5,NOTS 500
L480S,ISAS,0.5,0.48,0.1,15.0,7.8,31.5,L480S
Long Tom,WRE,3.1,0.47,0.6,,190.0,3.6,Mayfly
Private A Booster,JPL,1.0,0.47,0.07,,98.0,0.2,T-22
Lark,FAIRA,4.2,0.46,0.5,,2.8,260.0,LR2-RM-6
X-241,ABL,1.5,0.46,0.2,25.0,12.1,36.0,X-241
RTV-A-3,NAA,2.5,0.46,0.6,280.0,12.0,,NATIV
Terrier 12-0,CONVPO,3.9,0.46,0.8,322.0,257.5,4.4,Terrier Mk12 Mod 0
Terrier,HERCR,3.9,0.46,0.9,322.0,257.5,4.4,X-256
Terrier Mk 12,HERCR,3.9,0.46,0.9,322.0,257.5,4.4,Terrier Mk12 Mod 1
Terrier Mk 70,THKX,3.9,0.46,1.0,290.0,,6.2,TX-664-4
T48,MARTB,4.0,0.46,1.0,,193.0,3.4,T48
X-248,ABL,1.8,0.46,0.3,24.0,13.4,38.6,X-248
Altair,ABL,1.8,0.46,0.3,24.0,13.0,39.0,X-248A10
Altair 2,ABL,1.5,0.46,0.3,33.0,27.2,28.0,X-258
MG-18,LPC,1.5,0.46,0.3,,,,MG-18
GCR 33KS2800,GCR,1.4,0.46,0.2,30.0,12.5,33.0,33KS2800
SRAM,BOUT,4.3,0.46,1.0,,,,LPC-415
ASAT,BOUT,4.3,0.46,1.0,,,,LPC-415
MR-12,TAIFUN,8.8,0.45,1.0,,,,MR-12
MR-20,TAIFUN,8.8,0.45,1.0,,,,MR-20
M-250,TAIFUN,8.8,0.45,1.0,,,,MR-25
MR-30,TAIFUN,8.8,0.45,1.0,,,,MR-30
SS-520 St 3,ISAS,0.6,0.45,0.078,,,,SS-520 S3
T-7,SIMED,6.0,0.45,1.0,,2.0,,T-7 LRE
T-7 booster,SIMED,1.0,0.45,0.5,,2.0,,T-7 booster
Tianying-3C,CSSAR,5.0,0.45,1.1,0.0,0.0,,Tianying 3C
Tianying-3F Booster,CSSAR,2.7,0.45,0.5,0.0,0.0,,Tianying 3F
Peregrine,MSFC,6.2,0.44,1.2,,,,Peregrine
Black Brant VA,BAL,5.2,0.44,1.0,150.0,111.0,15.0,15KS25000
Black Brant IIB,BAL,5.2,0.44,1.0,150.0,89.0,23.0,23KS20000
Black Brant VB,BAL,5.3,0.44,1.2,151.0,89.0,32.4,26KS20000
Black Brant VC,BAL,5.3,0.44,1.2,240.0,68.2,33.0,26KS20000
Black Brant I,BAL,5.3,0.44,1.1,,110.0,15.0,15KS25000
Black Brant Mk1,BAL,5.3,0.44,1.2,240.0,68.2,33.0,BB Mk1
Black Brant Mk3,BAL,5.3,0.44,1.2,240.0,68.2,33.0,BB Mk3
Black Brant Mk4,BAL,5.3,0.44,1.2,240.0,68.2,33.0,BB Mk3
Nihka,BAL,2.0,0.44,0.4,79.0,49.9,17.8,17KS12000
Raven 1/1A/2A,RORD,5.1,0.44,1.0,240.0,44.5,30.0,Raven 1
Raven 2,RORD,5.1,0.44,1.0,240.0,44.5,30.0,Raven 2
Raven 5,RORD,5.1,0.44,1.0,240.0,44.5,30.0,Raven 5
Raven 7,RORD,5.1,0.44,1.0,240.0,44.5,30.0,Raven 7
Raven 6,RORD,5.4,0.44,1.2,242.0,52.5,36.0,Raven 6
Raven 8,RORD,5.4,0.44,1.1,230.0,50.1,30.0,Raven 8
Raven 11,RORD,5.5,0.44,1.3,290.0,105.0,39.0,Raven 11
Rook,RORD,5.4,0.44,1.1,186.0,300.0,5.5,Rook
Rook II,RORD,5.4,0.44,1.2,304.0,300.0,7.0,Rook
Rook IIIA,RORD,5.4,0.44,1.1,186.0,300.0,5.5,Rook
Rook IIIB,RORD,5.4,0.44,1.1,186.0,300.0,5.5,Rook
Goldfinch,BAJ,2.5,0.44,0.4,94.0,175.0,3.5,Goldfinch IIA
Goldfinch II,BAJ,3.0,0.44,0.4,89.0,,3.5,Goldfinch II
Cuckoo IA,RORD,1.0,0.44,0.2,,80.0,4.0,Cuckoo IA
Cuckoo IB,RORD,1.2,0.44,0.2,57.0,80.9,4.1,Cuckoo IB
Cuckoo II,RORD,1.2,0.44,0.2,37.0,36.5,10.0,Cuckoo II
Cuckoo 4,RORD,1.2,0.44,0.2,,,4.3,Cuckoo 4
Saluki B,IMIS,1.0,0.44,0.56,,195.5,6.0,Saluki B
Saluki S,IMIS,1.0,0.44,0.44,,35.6,27.0,Saluki S
NSPO Stage 2,NSPO,3.9,0.42,1.0,,,30.0,NSPO Sustainer
KSR,KARI,4.0,0.42,1.2,,86.0,20.0,KSR
KSR Booster,KARI,3.6,0.42,0.8,,211.0,5.9,KSR Booster
Nike,ABL,3.6,0.42,0.7,256.0,195.6,3.4,M5E1
2.5-DS-59000,ABL,3.0,0.42,0.7,,265.0,2.5,2.5-DS-59000
X-201,ABL,3.0,0.42,0.7,,209.0,3.0,3-DS-47000
XM-17,THKX,1.0,0.42,0.2,,,,XM-17
RX-420,LAPAN,6.0,0.42,0.5,,100.0,,RX-420
K420,ISAS,5.8,0.42,1.2,200.0,110.0,17.0,K420
K420H,ISAS,5.8,0.42,1.2,200.0,110.0,17.0,K420H
K420(1/3),ISAS,2.0,0.42,,,45.0,,K420(1/3)
Lambda2-2,ISAS,8.7,0.42,1.4,300.0,110.0,17.0,K420
Lambda3-2,ISAS,11.0,0.42,1.8,300.0,110.0,17.0,K420
Lambda3-3,ISAS,4.8,0.42,0.5,100.0,110.0,,K420
AAD,HAL,6.0,0.42,1.0,,,,
Zenit,CONTR,5.6,0.42,0.6,150.0,45.0,21.0,Zenith
Malemute,THKU,3.3,0.41,0.6,100.0,55.1,22.0,TU-758
Imp Malemute,THKU,3.3,0.41,0.6,100.0,55.1,22.0,Imp Malemute
Patriot,THKU,3.3,0.41,0.6,100.0,55.1,22.0,TX-486-1
Aeolus Booster,WRE,1.8,0.41,0.3,,80.0,2.7,LAPSTAR
HAT,WRE,1.8,0.41,0.3,,90.4,2.3,Demon
Gun Projectile 16,BRL,1.0,0.41,0.1,,,,
MR-1,NMC,1.6,0.41,0.22,124.0,102.0,1.9,1.8KS7800
SPRAN-50,ONERA,2.5,0.4,0.4,,,5.6,SPRAN-50
KN-25,KP,3.0,0.4,2.0,,,,DPRK-MLRS
Nike-46,AJ,1.0,0.4,1.0,,392.0,2.0,2-AS-22000
Nike-47,AJ,1.0,0.4,1.1,,392.0,2.0,2.5-AS-18000
Lacrosse,MARTO,2.1,0.4,0.3,,168.0,2.6,TX-52
ISRO-CES,ISRO,6.0,0.4,,,,,ISRO-CES
STIG-A,ARMAD,9.7,0.39,0.7,,22.5,50.0,STIG-A
Neptune,ONERA,3.2,0.39,0.5,150.0,20.0,32.0,Neptune
Aerobee AJ10-24,AJ,5.8,0.38,0.5,184.0,17.8,32.1,AJ10-24
Aerobee AJ10-25,AJ,5.8,0.38,0.5,184.0,17.8,32.1,AJ10-25
Aerobee AJ10-27,AJ,5.8,0.38,0.5,184.0,17.8,32.1,AJ10-27
Aerobee AJ10-34,AJ,5.8,0.38,0.5,184.0,17.8,32.1,AJ10-34
Aerobee XASR-1,AJ,5.8,0.38,0.7,184.0,11.6,32.1,XASR-1
Aerobee 150,AJGC,5.1,0.38,0.7,133.0,17.8,51.4,AJ11-6
Aerobee 150A,AJGC,5.1,0.38,0.6,133.0,17.8,51.4,AJ11-6
AJ60-92,AJGC,5.5,0.38,0.7,131.0,22.6,61.1,AJ60-92
Aerobee 100,AJ,3.6,0.38,0.5,119.0,11.5,40.0,Aerobee Jr
Lance,GCR,4.6,0.38,0.8,217.0,174.0,6.7,Lance
Skat,THKX,4.5,0.38,0.9,377.0,200.0,6.0,XM-45
Lance XM-45,THKX,4.9,0.38,0.8,,222.0,5.0,TX-77
Genie-Alarr,THKU,3.1,0.38,0.3,,,,MB-1
Genie,THKU,1.8,0.38,0.3,,156.0,1.5,MB-1
Ute,THKU,1.3,0.38,0.2,62.0,85.0,4.6,TU-715
Paiute,THKU,1.9,0.38,0.3,81.0,186.0,3.7,TU-716
Astrobee F,AJSP,7.3,0.38,1.3,250.0,36.4,51.1,Astrobee F
Cygnus 15,LARC/THKE,0.4,0.38,0.1,5.0,22.0,4.8,Cygnus 15
Cetus,LARC/THKE,0.5,0.38,0.1,10.0,40.0,20.0,NOTS 100A
ST-735-SB,NISST,4.7,0.38,0.3,356.0,0.0,0.0,
Nucleus,NAMMO,9.0,0.36,0.5,100.0,,,FWUM
Nazeat,IR,4.0,0.36,0.3,0.0,0.0,,Kavoshgar
Kavoshgar,IRSA,4.0,0.36,0.3,0.0,0.0,,Kavoshgar
Aerobee 75,AJSP,4.0,0.35,0.5,142.0,13.0,32.0,M22E8
Hawk,AJSP,5.0,0.35,0.6,,13.0,32.0,M22E8
Orion,AJSP,2.7,0.35,0.4,111.0,13.0,32.0,M22E8
Improved Orion,AJSP,1.8,0.35,0.4,,13.0,32.0,M112
Meteor-2,PAI,4.2,0.35,0.4,126.0,24.0,18.0,Meteor-2
10KS2500,THKE,2.9,0.35,0.1,,11.0,10.0,10KS2500
LS-A Booster,MHITO,3.0,0.35,0.4,,60.0,10.0,LS-A Booster
Qased-S3,IRGC,0.5,0.35,0.3,,,,Qased-S3
Mk 104,THKE,2.9,0.35,0.5,128.0,,,Mk 104
Mk 104 (ARC),ATLCA,2.9,0.35,0.5,128.0,,,Mk 104
Lynx,NAWC,3.0,0.35,0.5,,,,Mk 104
Mk 56,ATLR,4.5,0.35,0.6,,,,Mk 56
Mk 30,HUMS,3.5,0.35,0.4,,,,Mk 30
Iraqi Gun Projectile,SRCI,1.5,0.35,0.07,67.0,,,
NOTS 551,NOTS,3.0,0.34,0.4,85.0,,28.0,NOTS Mod 551-B
THAAD Proto,LMCO,3.8,0.34,0.6,,,,THAAD
THAAD,LMPCO,3.8,0.34,0.6,,,,THAAD
ASROC,UNK,4.5,0.34,0.4,40.0,49.0,,Mk 12 ASROC
Kappa 4 Booster,ISAS,3.3,0.33,0.15,,105.0,3.0,Kappa 4 Booster
Sandhawk,SAND,5.1,0.33,0.7,200.0,90.0,14.0,TE-473
Aerobee Booster,AJ,1.8,0.33,0.3,140.0,80.0,2.5,AJ60-80
VAM Booster,AJ,1.8,0.33,0.3,140.0,80.0,2.5,2.5KS18000
VAM-17,AJ,1.8,0.33,0.3,140.0,80.0,2.5,2.5KS18000
VAM-20,AJ,1.8,0.33,0.3,140.0,80.0,2.5,2.5KS18000
Tramontane,ONERA,2.4,0.33,0.3,124.0,50.0,6.7,SEPR-200
ASAS,THKE,0.9,0.33,0.1,,7.0,15.0,Mk 136
Gradicom 1,CITED,2.5,0.32,0.4,,,,Gradicom 1
Gradicom 2,CITED,2.5,0.32,0.2,,,,Gradicom 2
RX-320,LAPAN,4.7,0.32,0.5,,52.0,,RX-320
Jericho II,SUD,2.7,0.31,0.3,,20.0,23.8,Jericho II
Belier,SUD,2.9,0.31,0.3,100.0,20.0,23.4,Jericho IV
Belier II,SUD,2.9,0.31,0.3,80.0,20.0,23.4,Belier II
Belier III,SUD,2.9,0.31,0.3,100.0,20.0,23.4,Vega
RH-300,VSSC,2.8,0.31,0.3,79.0,33.3,16.0,RH-300
RH-300 Mk II,VSSC,3.4,0.31,0.5,,39.1,20.2,RH-300-II
SB-310,ISAS,5.8,0.31,0.5,190.0,95.0,7.4,SB-310
S-310,ISAS,5.0,0.31,0.6,230.0,80.0,31.6,S-310
BT-310,ISAS,6.0,0.31,0.6,230.0,80.0,31.6,S-310
S-300,ISAS,6.0,0.3,0.5,,,,S-300
LS-A,MHITO,4.5,0.3,0.3,,10.0,35.0,LE-1
K10S,ISAS,0.5,0.3,0.1,,,,K10S
Nike-46 Sustainer,AJ,6.0,0.3,0.4,,11.4,21.0,X21AL-2600
Nike-47 Sustainer,AJ,6.0,0.3,0.4,,11.4,21.0,21AL-2600
Nike-484 Sustainer,AJ,6.0,0.3,0.4,,11.4,21.0,21AL-2600
Nike-490 Sustainer,AJ,6.0,0.3,0.4,,13.8,71.0,Ajax-490
Ajax,BELL,4.5,0.3,0.5,372.0,11.6,30.0,Ajax
Cluster Stage 3,JPL,1.2,0.3,0.1,63.0,22.0,6.0,RTV
Bullpup,THKE,3.0,0.3,0.3,,111.0,,Aerojet Mk 8
Taepo Dong 1 Stage 3,KPA,1.8,0.3,0.2,50.0,18.0,27.0,TD1
Tiny Tim,USN,2.4,0.3,0.3,278.0,222.0,0.6,Tiny Tim
MARC 14B1,USN,0.8,0.3,0.1,59.0,84.0,0.8,MARC 14B1
Sonda 2A,AVIB,4.2,0.3,0.3,77.0,36.0,20.0,S-20
Sonda 2M,AVIB,2.2,0.3,0.2,69.0,18.0,20.0,S-23
VLS-R1,AVIB,2.5,0.3,0.5,0.0,18.0,20.0,S-20
VLS-R2,AVIB,3.0,0.3,0.5,0.0,18.0,20.0,S-20
VLS-R2 Strapon,AVIB,2.0,0.3,0.5,0.0,18.0,20.0,S-20
VLS-R1 Strapon,AVIB,2.0,0.3,0.5,0.0,18.0,20.0,S-20
WAC Corporal,JPL/DAC,4.9,0.3,0.3,125.0,6.7,45.0,WAC
HOTROC,NOTS,1.8,0.3,0.1,27.0,63.2,4.9,HOTROC
Iris,ATLR,4.0,0.3,0.5,112.0,17.0,52.0,MARC 13A1
FTI,AVIB,5.0,0.3,0.07,1.0,,,FTI
RH-300 Booster,ISRO,2.0,0.28,0.2,65.0,37.5,6.0,RH-300 Booster
Venus,SUD,2.0,0.28,0.2,66.0,44.0,4.3,Venus
Centenario,IIAE,2.4,0.28,0.2,,39.0,11.2,Centenario
SS-50,IIAE,2.0,0.28,0.2,,,18.0,SS-50 Antares
Canopus,IIAE,2.0,0.28,0.2,,,18.0,Canopus
SpaceLoft XL,UPAE,4.0,0.27,0.2,,45.0,13.5,SpaceLoft
Gosling,RORD,3.3,0.26,0.2,,152.0,2.5,Gosling
Gosling IIN,RORD,3.5,0.26,0.2,,140.0,3.0,Gosling
Gosling IV,RORD,3.5,0.26,0.3,,140.0,3.0,Gosling 4
Gosling 4T,RORD,3.6,0.26,0.3,89.0,137.0,3.1,Gosling 4
Heron,RORD,3.6,0.26,0.3,72.0,137.0,3.1,Gosling 4
Goose,RORD,3.4,0.26,0.3,95.0,22.0,17.0,Goose II
Snipe,RORD,2.1,0.26,0.2,58.0,16.0,16.0,Snipe
Black Brant IIIA,BAL,3.7,0.26,0.3,50.0,49.0,9.0,9KS11000
Black Brant IIIB,BAL,3.9,0.26,0.3,50.0,45.0,12.0,12KS10000
DAC Roc,DAC,3.0,0.25,0.3,,50,10.0,DACRoc
M-100,TAIFUN,3.5,0.25,0.3,110.0,,5.0,M-100
M-100 St2,TAIFUN,1.6,0.25,0.1,55.0,,4.5,M-100 St2
FFK,ERNO,4.0,0.25,0.3,,,,FFK
HTR,NAMMO,10.0,0.25,0.5,,30.0,20.0,HTR
CSXT,CSXT,6.4,0.25,0.3,96.0,71.0,13.4,S-50000
RX-250-LPN,LAPAN,5.3,0.25,0.3,,52.0,6.0,RX-250-LPN
K245,ISAS,1.0,0.25,0.1,40.0,34.0,9.3,K250
Kappa 6,ISAS,2.3,0.25,0.2,40.0,34.0,9.3,K250
Kappa 6H,ISAS,3.6,0.25,0.3,50.0,,7.2,K250H
Kappa 8,ISAS,3.1,0.25,0.3,50.0,34.0,9.7,K250-8
K250,ISAS,4.6,0.25,0.3,50.0,43.0,7.6,K250
S-250,ISAS,2.0,0.25,0.2,,,,SO-250
NAL-25,MHITO,4.0,0.25,0.0,,,,NAL-25
LPR-3T,VSSC,2.0,0.25,0.3,,,,LPR-3T
FTV,VSSC,2.0,0.25,0.3,,,,
SEGPRO,VSSC,2.0,0.25,0.3,,,,
CB-250,VSSC,1.0,0.25,0.3,,,,RH-75
Private A,JPL,2.3,0.25,0.3,130.0,4.4,30.0,30AS1000
Private F,JPL,2.3,0.25,0.3,130.0,4.4,30.0,30AS1000
Cygnus 10,PARD,0.4,0.25,0.0,1.0,10.0,3.2,Cygnus 10
Javelin 3,SDCO,2.6,0.23,0.2,,93.0,,Javelin 3
Hydac,SDCO,3.7,0.23,0.3,,58.7,,Hydac
ILR-33,PAI,4.5,0.23,0.2,,4.0,40.0,ILR-33
MLRS,LMCAM,2.0,0.23,0.3,,53.0,3.2,MLRS
Mesquito,LMCAM,2.0,0.23,0.3,,53.0,3.2,MLRS
Mayfly,WRE,3.1,0.23,0.25,,62.0,3.6,Mayfly
AeroHTV,AEROPH,1.7,0.23,0.1,,,,Loki
Recruit,THKE,2.6,0.23,0.2,,156.0,1.5,1.5KS35000
Recruit 1A,THKE,3.1,0.23,0.2,67.0,132.0,2.2,TE-29-1A
Yardbird,THKE,2.5,0.23,0.2,29.0,75.0,3.4,Yardbird
Tomahawk 1,THKE,3.5,0.22,0.2,60.0,53.0,9.0,TE-406
Tomahawk,THKE,3.5,0.22,0.2,60.0,53.0,9.5,TE-416
Kappa 3 Booster,ISAS,2.5,0.22,0.2,,,,K220
Melanie,ONERA,3.0,0.22,0.1,40.0,38.0,4.4,Melanie
Orion-2,IIAE,3.0,0.21,0.1,55.0,,12.0,Orion-2
Orion-1,IIAE,3.0,0.21,0.1,55.0,,12.0,Orion-1
Cedre-4 St1,LRS,3.0,0.21,1.0,,138.0,,Cedre-4 St1
Cedre St2,LRS,2.1,0.21,0.4,,78.0,,Cedre St2
Elan,CFTHB,1.6,0.21,0.08,32.0,,2.5,Agnes
Emilie,CFTHB,1.6,0.21,0.08,32.0,,2.5,Emilie
Vela,WRE,3.1,0.21,0.12,59.0,26.7,5.0,Vela
S-210,ISAS,5.1,0.21,0.26,,,17.0,S-210
TT-210,NASDA,5.3,0.21,0.2,,,,TT-210
Proson St1,CITEF,1.5,0.2,0.1,,,,Proson 1
Traveler,USCLA,4.0,0.2,0.14,,,,Traveler
Stratos II+,DARE,7.0,0.2,0.19,100.0,8.0,23.0,DHX-200 Aurora
Mimosa,ONERA,2.6,0.2,0.2,40.0,33.0,5.0,SEPR 685-4
RH-200,VSSC,1.4,0.2,0.1,,16.9,5.7,RH-200
RH-200SV,VSSC,1.4,0.21,0.14,48.0,16.9,10.0,RH-200SV
MMR-06,GMS,2.5,0.2,0.1,20.0,,9.0,MMR-06
TT-200,NASDA,5.0,0.2,0.2,,,,TT-200
T-40,THKE,1.4,0.2,0.1,15.0,13.3,6.0,T-40
Cirrus I,DRG,2.0,0.2,0.1,,5.0,,Cirrus I
Cirrus II,DRG,2.0,0.2,0.1,,18.0,,Cirrus II
Iroquois,THKE,2.7,0.2,0.1,43.0,24.4,7.7,TE-388
Meteor 3B Booster,PIHM,1.0,0.2,0.06,,,2.3,Meteor-1
Shrike,NWC,2.0,0.2,,,,,Mk 39
Sparrow,HUMS,1.3,0.2,0.1,,35.0,1.8,1.8KS7800
22.6KS1245,HUMS,1.3,0.2,0.06,5.0,5.5,22.6,22.6KS1245
NOTS 8in,NOTS,0.5,0.2,0.01,3.0,5.1,5.7,NOTS 8
Petrel,BAJUK,1.8,0.19,0.1,26.0,4.5,30.0,Lapwing
Petrel 2,BAJUK,1.8,0.19,0.1,26.0,4.5,30.0,Lapwing
Viper V,OSCC,2.2,0.18,0.1,,27.0,5.2,Viper V
Lobster I,RORD,1.9,0.18,0.03,,29.0,2.0,Lobster
Demon,RORD,2.8,0.18,0.0,,,2.3,Demon
Dorado,WRE,3.1,0.18,0.14,66.0,42.0,4.1,Dorado
Gun Projectile 7,BRL,1.0,0.18,0.1,,,,
Astrid,LLNL,1.9,0.17,0.02,8.0,0.4,30.0,MR-125
Asp,COOP,2.7,0.165,0.1,18.0,26.0,5.3,RM-1100
Asp II,COOP,2.7,0.165,0.1,18.0,26.0,3.6,Asp II
Asp III,COOP,2.7,0.165,0.1,18.0,26.0,3.3,Asp III
Asp IV,COOP,2.8,0.165,0.094,27.0,12.7,12.0,RM-1400
Sword,LPC,1.2,0.166,0.1,12.0,16.0,3.8,Sword 3KS5000
Kiva,RPI,2.6,0.166,0.1,24.0,27.0,5.5,Kiva 5.5KS6100
Kisha,RPI,2.0,0.166,0.1,,21.0,4.4,Kisha I 4.4KS4800
Cajun,THKE,2.6,0.166,0.1,22.0,36.0,3.0,Cajun
Viper I,LPC,2.7,0.166,0.09,25.0,24.0,5.6,5.6KS5400
Viper IC,LPC,2.7,0.166,0.09,25.0,24.0,5.6,5.6KS5400
Viper II,LPC,2.7,0.166,0.09,25.0,35.8,3.8,3.8KS8040
SDC Viper,SDCO,2.7,0.166,0.09,20.0,35.8,3.2,3.52KS8500
Apache,THKE,2.6,0.166,0.1,39.0,21.0,6.0,TE-307
Deacon,ABL,2.8,0.152,0.1,24.0,26.0,3.0,X-220
Melusine,CFTHB,1.9,0.16,0.0,29.0,,8.0,Melusine
Melanie 1,ATEF,1.1,0.16,0.01,,,,Melanie
Prosper,ATEF,1.2,0.16,0.01,,,,Melanie
Lex,SNECMA,2.6,0.16,0.1,20.0,10.0,20.0,MT 27
NAL-16,MHITO,3.9,0.165,0.1,40.0,10.0,14.0,NAL-16
Kappa 8L,ISAS,2.4,0.16,0.1,20.0,,5.3,K160
S-160,ISAS,3.9,0.16,0.1,,,,S-160
S-A,MHITO,2.8,0.16,0.037000000000000005,,2.5,,S-A
S-B,MHITO,2.8,0.16,0.1,,,,S-B
S-C,MHITO,2.8,0.16,0.1,,,,S-C
Falcon,THKX,1.0,0.16,0.02,0.0,0.0,0.0,Falcon
Hyperion,EAC,5.8,0.147,0.1,46.0,6.0,15.0,Hyperion
Atea-1,RLABN,3.0,0.15,0.06,,6.9,14.5,Atea-1
Icarus,ERAU,2.3,0.15,0.04,4.0,15.8,6.4,Icarus
Arcon,ATLR,2.5,0.15,0.1,30.0,4.5,33.0,Arcon
T-55,THKE,1.5,0.15,0.0,12.0,21.0,1.3,T-55
ZN-1,NUDTC,2.7,0.15,0.1,,,,ZN-1
K150,ISAS,3.5,0.15,0.1,10.0,19.0,15.8,K150
MERA,KBPT,1.0,0.15,0.02,4.0,,,MERA
AeroHTV Stage 2,AEROPH,1.7,0.15,0.1,,,,Loki
RTV Motor,JPL,1.2,0.15,0.025,6.0,8.6,7.6,RTV
Baby Sergeant,JPL/GCR,1.2,0.15,0.025,4.0,8.6,7.6,RM-3141
Astrobee D,AJSP,2.8,0.15,0.1,20.0,8.9,17.0,Astrobee D
Luzou,SEP,0.3,0.15,0.01,3.0,3.0,1.7,Luzou
Sirocco,SDCO,2.8,0.14,0.1,20.0,,,Sirocco
Meteo,SUD,3.4,0.15,0.02,,,,
MT-135P,NISST,3.3,0.14,0.0,,12.0,10.5,MT-135
Ivanov,FIAN,1.0,0.14,0.1,,,,
Ivanov Booster,FIAN,0.4,0.14,0.1,,,,
GammaCen Booster,IIAE,0.8,0.13,0.03,,,,
Emma Booster,MATRA,0.8,0.13,0.02,13.0,14.8,1.0,SEPR P191
Theodore,ATEF,0.8,0.13,0.01,,1.8,10.0,Theodore
Oreste,ATEF,0.5,0.13,0.01,,0.9,8.0,Oreste
Emma,MATRA,1.7,0.13,0.05,11.0,1.4,37.0,SEPR P163
HALO,HAL5,1.6,0.13,0.02,10.0,0.2,,HALO
Martlet 1,SRCI,1.5,0.13,0.2,170.0,0.0,0.0,
Martlet 2,SRCI,1.5,0.13,0.2,170.0,0.0,0.0,
Martlet 3A,SRCI,1.5,0.13,0.2,170.0,0.0,0.0,
Martlet 3B,SRCI,1.5,0.13,0.2,170.0,0.0,0.0,
Gun Projectile 5,BRL,1.0,0.13,0.1,,,,
Kappa 1,ISAS,2.7,0.13,0.04,20.0,10.0,3.0,Kappa 1
Kappa 4,ISAS,2.7,0.13,0.04,20.0,10.0,3.0,Kappa 4
Cygnus 5,LARC,0.2,0.13,0.0,1.0,2.3,1.6,Cygnus 5
FTB,AVIB,3.0,0.13,0.07,1.0,,,SS-30
Skua,BAJUK,2.2,0.13,0.04,10.0,1.8,30.0,Bantam
Skua 2,BAJUK,2.4,0.13,0.04,10.0,1.8,30.0,Bantam 2
Skua 3,BAJUK,2.4,0.13,0.08,12.0,1.7,34.0,Bantam 3
Aurore,SNECMA,2.1,0.13,0.05,20.0,10.5,5.3,Aurore
HVAR,CIT/NOTS,1.7,0.13,0.04,17.0,25.0,0.9,HVAR
HPAG,NOTS,1.8,0.13,0.03,12.0,12.5,2.7,HPAG
NOTS 124-C,NOTS,1.0,0.13,0.03,,,,NOTS 124-C
Sidewinder,THKX,1.8,0.13,0.04,18.0,,,Mk 36
Sidewinder 1C,THKX,1.8,0.13,0.04,18.0,,,Mk 36 Mod 5
Sidewinder 1D,THKX,1.8,0.13,0.044000000000000004,16.0,12.2,4.7,Mk 50 Mod 0
Sidewinder 1A,THKX/NOTS,1.9,0.13,0.04,18.0,17.7,2.1,Mk 17
Sidewinder 1A-15,THKX/NOTS,1.9,0.13,0.04,18.0,17.7,2.1,Mk 15
LAPSTAR,WRE,1.5,0.13,0.05,15.0,13.7,2.7,LAPSTAR
Lupus,WRE,1.7,0.13,0.03,16.0,9.5,5.2,Lupus 1A
Lupus 2,WRE,1.7,0.13,0.04,16.0,9.5,4.0,Lupus 2
Lupus 3,WRE,2.0,0.13,0.04,16.0,9.5,4.0,Lupus 3
Sonda 1-1,IAE,1.5,0.13,0.03,15.0,27.0,,Sonda 1 Booster
MCR-3,VSSC,1.0,0.12,0.02,,,,MCR-3
RH-125,VSSC,1.4,0.12,0.02,11.0,8.4,2.9,RH-125
RH-125S,VSSC,1.6,0.12,0.02,14.0,1.3,32.0,RH-125S
LPR-006,VSSC,3.0,0.13,0.2,,6.0,,LPR-006
Black Brant VI,BAL,2.0,0.12,0.1,20.0,7.4,9.0,9KS1660
INTA-100,INTA,2.5,0.12,0.03,,1.5,32.0,Urbion
DIM,IIAE,1.9,0.125,0.04,,,,DIM
Meteor 1,PIHM,1.8,0.11,0.03,10.0,14.0,2.3,Meteor-1
Meteor 3 Booster,PIHM,1.8,0.11,0.03,10.0,14.0,2.3,Meteor-1
Meteor SRB,PIHM,1.7,0.11,0.0,15.0,14.0,2.3,Meteor-1
Sonda 1-2,IAE,2.1,0.11,0.03,14.0,4.2,32.0,Sonda 1
Rocketsonde,UNK,2.0,0.11,0.0,15.0,,,
Rocketsonde2,UNK,2.0,0.11,0.0,15.0,,,
Arcas,ATLR,1.8,0.11,0.0,15.0,1.5,29.0,MARC 2B1
Frangible Arcas,ATLR,1.8,0.11,0.0,15.0,1.5,29.0,MARC 2B1
HV Arcas,ATLR,1.6,0.11,0.0,15.0,1.5,29.0,MARC 2C2
Super Arcas,ATLR,2.0,0.11,0.04,15.0,1.5,40.0,MARC 60A
MARC 14A1,ATLR,0.7,0.11,0.016,11.0,12.0,0.8,MARC 14A1
MARC 42A1,ATLR,1.6,0.11,0.03,15.0,12.2,3.0,MARC 42A1
MARC 42A2,ATLR,0.9,0.11,0.0,,,,MARC 42A2
Hopi,RPI,2.1,0.11,0.03,7.0,18.0,3.0,Hopi 3.0KS4000
Hopi III,RPI,2.0,0.11,0.03,8.0,28.0,2.1,Hopi 2.4KS5600
Hopi IV,RPI,2.4,0.11,0.04,9.0,7.7,9.0,Hopi 9.0KS1800
Viper IIIA,SDCO,2.4,0.11,0.04,9.0,24.7,2.2,Viper IIIA
TME DART,TMINUS,2.3,0.11,0.04,7.0,8.0,6.5,TME DART
Super Loki,SDCO,2.0,0.1,0.03,6.0,18.0,2.1,Super Loki
Stable Super Loki,SDCO,2.3,0.1,0.027000000000000003,6.0,21.0,2.1,Stable Super Loki
FalconLaunch,USAFA,2.0,0.1,0.03,6.0,18.0,2.1,Super Loki
Icarus Stage 2,ERAU,1.4,0.11,0.01,4.0,4.1,7.0,Icarus St2
Excalibur,BAL,2.4,0.11,0.04,13.0,25.0,2.5,Excalibur
Proson St2,CITEF,1.6,0.106,0.03,,,,Proson 2
INTA S-12,INTA,1.6,0.1,0.03,,16.7,1.2,INTA S-12
Arcon booster,ATLR,0.7,0.1,0.0,8.0,14.0,0.4,Arcon booster
ILR-33 Booster,PAI,1.4,0.1,0.1,,6.0,2.5,ILR-33 Booster
SkylarkMicro Booster,SKYR,1.5,0.1,0.0,,1.6,,SkyMicro1
Chick,RORD,0.6,0.1,0.05,6.0,20.0,0.2,Chick
Chick x3,RORD,0.6,0.1,0.0,6.0,60.0,0.2,Chick
Chick x4,RORD,0.6,0.1,0.0,6.0,80.0,0.2,Chick
Belisama,CFTHB,1.6,0.1,0.03,14.0,24.0,0.9,Belisama
SEPR P167,SEP,1.0,0.1,0.0,,,,SEPR P167
KM-L,NISST,0.1,0.1,0.004,1.0,,,KM-L
ST,MHITO,1.0,0.1,0.0,,,,S-B
SA-II,MHITO,1.0,0.1,0.0,,,,SA-II
GammaCen Sustainer,IAE,1.6,0.09,,,,,
LaRC Plastic,LARC,0.5,0.09,0.0,1.0,0.3,3.0,LaRC Plastic
Musca,WRE,1.7,0.09,0.01,,5.1,3.7,Musca
Arrow II,GCR,1.5,0.08,0.01,2.0,10.0,2.0,Arrow II
Loki-Dart,GCR,1.7,0.08,0.0,3.0,15.0,0.8,Loki
Loki SR71-AD-1,SDCO,1.7,0.08,0.011000000000000001,2.0,9.0,2.0,SR71-AD-1
Loki II,GCR,1.7,0.08,0.011000000000000001,2.0,9.0,2.0,Loki II
Loki,GCR,1.7,0.08,0.0,3.0,15.0,0.8,Loki
Judi I,RPI,1.7,0.08,0.01,2.0,9.0,1.9,Judi-I 1.9KS2150
Judi III,RPI,2.3,0.08,0.0,2.0,9.0,1.9,Judi-III 1.9KS2100
Seagull,USN,1.5,0.08,0.01,1.0,10.0,2.0,Seagull
Metroc,ATLR,1.4,0.08,0.01,0.0,0.6,17.5,MARC 21A1
Cedre St3,LRS,2.1,0.08,0.2,,20.0,,Cedre St3
RH-75,VSSC,1.2,0.08,0.01,,,,RH-75
NOTS 3in Sph.,NOTS,0.1,0.08,0.0,1.0,0.7,1.0,NOTS 3SM
Black Brant VII,BAL,1.7,0.09,0.0,10.0,1.0,4.0,BB7
HAEC FFAR,UNK,1.4,0.08,0.0,,,2.8,HAEC FFAR
SkylarkMicro,SKYR,1.8,0.08,0.0,,0.8,,SkyMicro2
FFAR,PARD,1.2,0.07,0.0,5.0,3.6,1.5,FFAR
Mk7,PARD,1.2,0.07,0.01,9.0,9.8,0.9,Mk7
NAL-7,MHITO,2.0,0.07,0.0,,5.0,1.0,NAL-7
Balloon,,0.0,0.0,0.0,0.0,0.0,0.0,
F-104A Starfighter,,0.0,0.0,0.0,0.0,0.0,0.0,
F2H2 Banshee,,0.0,0.0,0.0,0.0,0.0,0.0,
F3H Cougar,,0.0,0.0,0.0,0.0,0.0,0.0,
F4B Phantom,,0.0,0.0,0.0,0.0,0.0,0.0,
F4D Phantom,,0.0,0.0,0.0,0.0,0.0,0.0,
F4D-1 Skyray,,0.0,0.0,0.0,0.0,0.0,0.0,
F4H Phantom,,0.0,0.0,0.0,0.0,0.0,0.0,
F-15D,,0.0,0.0,0.0,0.0,0.0,0.0,
F86D Sabrejet,,0.0,0.0,0.0,0.0,0.0,0.0,
F89J Scorpion,,0.0,0.0,0.0,0.0,0.0,0.0,
B-47 Stratojet,,0.0,0.0,0.0,0.0,0.0,0.0,
RB-57B,,0.0,0.0,0.0,0.0,0.0,0.0,
B-57A Canberra,,0.0,0.0,0.0,0.0,0.0,0.0,
B-58 Hustler,,0.0,0.0,0.0,0.0,0.0,0.0,
NB-52,,0.0,0.0,0.0,0.0,0.0,0.0,
B-52H,,0.0,0.0,0.0,0.0,0.0,0.0,
C-17,,0.0,0.0,0.0,0.0,0.0,0.0,
C-130,,0.0,0.0,0.0,0.0,0.0,0.0,
White Knight,,0.0,0.0,0.0,0.0,0.0,0.0,
White Knight 2,,0.0,0.0,0.0,0.0,0.0,0.0,
MiG31D 072,,0.0,0.0,0.0,0.0,0.0,0.0,
MiG-31,,0.0,0.0,0.0,0.0,0.0,0.0,
L-1011,,0.0,0.0,0.0,0.0,0.0,0.0,
B747-CG,,0.0,0.0,0.0,0.0,0.0,0.0,
Navaho Booster,NAAD,23.2,,,,0.0,0.0,G-38
Navaho Missile,NAAD,21.3,,,,0.0,0.0,
X-10,NAAD,21.3,,,,0.0,0.0,
Regulus,VOUA,10.1,1.4,6.6,,0.0,0.0,
Regulus II,VOUA,20.5,1.3,10.2,,0.0,0.0,
Matador,MARTB,0.0,0.0,0.0,0.0,0.0,0.0,TX-16-1
Mace,MARTB,0.0,0.0,0.0,0.0,0.0,0.0,TU-223
Snark Booster,NORTH,0.0,0.0,0.0,0.0,0.0,0.0,N-69C Snark JATO
BLDT,,0.0,0.0,0.0,0.0,0.0,0.0,RS-B-535
Bomarc A,BOC,0.0,0.0,0.0,0.0,0.0,0.0,LR59-AJ-13
Bomarc B,BOC,0.0,0.0,0.0,0.0,0.0,0.0,XM-51
Bull Goose,FAIRA,0.0,0.0,0.0,0.0,0.0,0.0,
Hound Dog,NAA,0.0,0.0,0.0,0.0,0.0,0.0,
X-7,LVN,0.0,0.0,0.0,0.0,0.0,0.0,
X-51A,BNAP,4.5,0.61,0.0,0.0,0.0,0.0,
D-21B,LAC,13.1,2.1,5.1,0.0,0.0,0.0,
BOZ,PROG,0.0,0.0,0.0,0.0,0.0,0.0,
SOZ,PROG,0.0,0.0,0.0,0.0,0.0,0.0,
Perekhodnik,,0.0,0.0,0.0,0.0,0.0,0.0,
Sep Motor Cover,,0.0,0.0,0.0,0.0,0.0,0.0,
S-II Interstage,,0.0,0.0,0.0,0.0,0.0,0.0,
Dummy stage,,0.0,0.0,0.0,0.0,0.0,0.0,
R-UNK,UNK,0.0,0.0,,,,,
,,,,,,,,
